SET @OLD_UNIQUE_CHECKS=@@UNIQUE_CHECKS, UNIQUE_CHECKS=0;
SET @OLD_FOREIGN_KEY_CHECKS=@@FOREIGN_KEY_CHECKS, FOREIGN_KEY_CHECKS=0;

USE `restaurants`;

#
# Dumping data for table 'customer'
#

INSERT INTO `restaurants`.`customer` (`id`, `name`, `gender`, `phone_number`, `email_address`, `address`, `city`, `country`, `fav_res_id`) VALUES (61134526, 'Maria', 'F', '209-303-3470', 'mstephenson@fernandez.com', '777 Brockton avenue', 'Abington', 'USA', 6600214);
INSERT INTO `restaurants`.`customer` (`id`, `name`, `gender`, `phone_number`, `email_address`, `address`, `city`, `country`, `fav_res_id`) VALUES (55898624, 'Nushi', 'M', '245-474-7804', 'hduke@hotmail.com', '30 Memorial Drive', 'Avon', 'USA', 7300515);
INSERT INTO `restaurants`.`customer` (`id`, `name`, `gender`, `phone_number`, `email_address`, `address`, `city`, `country`, `fav_res_id`) VALUES (45652154, 'Mohammed', 'M', '914-179-1459', 'pallen@yahoo.com', '250 Harford Avenue', 'Bellingham', 'USA', 6600441);
INSERT INTO `restaurants`.`customer` (`id`, `name`, `gender`, `phone_number`, `email_address`, `address`, `city`, `country`, `fav_res_id`) VALUES (29946427, 'Jose', 'M', '039-851-0965', 'riverarebecca@gmail.com', '700 Oak Street', 'Brockton', 'USA', 7300521);
INSERT INTO `restaurants`.`customer` (`id`, `name`, `gender`, `phone_number`, `email_address`, `address`, `city`, `country`, `fav_res_id`) VALUES (26397029, 'Muhammad', 'M', '204-123-7917', 'mstephens@davidson-herman.com', '66-4 Parkhurst Rd', 'Chelmsford', 'USA', 18189371);
INSERT INTO `restaurants`.`customer` (`id`, `name`, `gender`, `phone_number`, `email_address`, `address`, `city`, `country`, `fav_res_id`) VALUES (24517684, 'Mohamed', 'M', '914-902-2831', 'alvareznancy@lucas.biz', '591 Memorial Dr', 'Chicopee', 'USA', 6600214);
INSERT INTO `restaurants`.`customer` (`id`, `name`, `gender`, `phone_number`, `email_address`, `address`, `city`, `country`, `fav_res_id`) VALUES (17145807, 'Wei', 'F', '039-283-1239', 'katherine20@yahoo.com', '55 Brooksby Village Way', 'Danvers', 'USA', 6314605);
INSERT INTO `restaurants`.`customer` (`id`, `name`, `gender`, `phone_number`, `email_address`, `address`, `city`, `country`, `fav_res_id`) VALUES (16782433, 'Mohammad', 'M', '093-828-4812', 'awatkins@yahoo.com', '137 Teaticket Hwy', 'East Falmouth', 'USA', 6300781);
INSERT INTO `restaurants`.`customer` (`id`, `name`, `gender`, `phone_number`, `email_address`, `address`, `city`, `country`, `fav_res_id`) VALUES (14916476, 'Ahmed', 'M', '209-303-3471', 'vchurch@walter-martinez.com', '42 Fairhaven Commons Way', 'Fairhaven', 'USA', 6600427);
INSERT INTO `restaurants`.`customer` (`id`, `name`, `gender`, `phone_number`, `email_address`, `address`, `city`, `country`, `fav_res_id`) VALUES (14793356, 'Yan', 'F', '245-474-7805', 'bonnie69@lin.biz', '374 William S Canning Blvd', 'Fall River', 'USA', 6600970);
INSERT INTO `restaurants`.`customer` (`id`, `name`, `gender`, `phone_number`, `email_address`, `address`, `city`, `country`, `fav_res_id`) VALUES (14763733, 'Ali', 'F', '914-179-1460', 'andrew06@peterson.com', '121 Worcester Rd', 'Framingham', 'USA', 6310406);
INSERT INTO `restaurants`.`customer` (`id`, `name`, `gender`, `phone_number`, `email_address`, `address`, `city`, `country`, `fav_res_id`) VALUES (14323797, 'John', 'M', '039-283-1240', 'ryanwerner@freeman.biz', '677 Timpany Blvd', 'Gardner', 'USA', 6317637);
INSERT INTO `restaurants`.`customer` (`id`, `name`, `gender`, `phone_number`, `email_address`, `address`, `city`, `country`, `fav_res_id`) VALUES (13429576, 'David', 'M', '093-828-4813', 'knelson@gmail.com', '337 Russell St', 'Hadley', 'USA', 6601361);
INSERT INTO `restaurants`.`customer` (`id`, `name`, `gender`, `phone_number`, `email_address`, `address`, `city`, `country`, `fav_res_id`) VALUES (13166162, 'Li', 'F', '209-303-3472', 'wrightpeter@yahoo.com', '295 Plymouth Street', 'Halifax', 'USA', 7300515);
INSERT INTO `restaurants`.`customer` (`id`, `name`, `gender`, `phone_number`, `email_address`, `address`, `city`, `country`, `fav_res_id`) VALUES (12163978, 'Abdul', 'M', '245-474-7806', 'taylormason@gmail.com', '1775 Washington St', 'Hanover', 'USA', 18185059);
INSERT INTO `restaurants`.`customer` (`id`, `name`, `gender`, `phone_number`, `email_address`, `address`, `city`, `country`, `fav_res_id`) VALUES (12091132, 'Ana', 'M', '914-179-1461', 'jstark@anderson.com', '280 Washington Street', 'Hudson', 'USA', 6601602);
INSERT INTO `restaurants`.`customer` (`id`, `name`, `gender`, `phone_number`, `email_address`, `address`, `city`, `country`, `fav_res_id`) VALUES (12047080, 'Ying', 'M', '039-283-1241', 'wjennings@gmail.com', '20 Soojian Dr', 'Leicester', 'USA', 7300596);
INSERT INTO `restaurants`.`customer` (`id`, `name`, `gender`, `phone_number`, `email_address`, `address`, `city`, `country`, `fav_res_id`) VALUES (11471765, 'Michael', 'M', '093-828-4814', 'rebecca45@hale-bauer.biz', '11 Jungle Road', 'Leominster', 'USA', 7300704);
INSERT INTO `restaurants`.`customer` (`id`, `name`, `gender`, `phone_number`, `email_address`, `address`, `city`, `country`, `fav_res_id`) VALUES (11372603, 'Juan', 'M', '209-303-3473', 'alejandro75@hotmail.com', '301 Massachusetts Ave', 'Lunenburg', 'USA', 7300955);
INSERT INTO `restaurants`.`customer` (`id`, `name`, `gender`, `phone_number`, `email_address`, `address`, `city`, `country`, `fav_res_id`) VALUES (11350336, 'Anna', 'F', '039-283-1240', 'samuel46@love-west.net', '780 Lynnway', 'Lynn', 'USA', 6600379);
INSERT INTO `restaurants`.`customer` (`id`, `name`, `gender`, `phone_number`, `email_address`, `address`, `city`, `country`, `fav_res_id`) VALUES (11303767, 'Mary', 'F', '093-828-4813', 'megan33@gmail.com', '70 Pleasant Valley Street', 'Methuen', 'USA', 6600681);
INSERT INTO `restaurants`.`customer` (`id`, `name`, `gender`, `phone_number`, `email_address`, `address`, `city`, `country`, `fav_res_id`) VALUES (11024162, 'Jean', 'M', '209-303-3472', 'agolden@yahoo.com', '830 Curran Memorial Hwy', 'North Adams', 'USA', 6317637);
INSERT INTO `restaurants`.`customer` (`id`, `name`, `gender`, `phone_number`, `email_address`, `address`, `city`, `country`, `fav_res_id`) VALUES (10170794, 'Robert', 'M', '245-474-7806', 'vstafford@hotmail.com', '1470 S Washington St', 'North Attleboro', 'USA', 6600292);
INSERT INTO `restaurants`.`customer` (`id`, `name`, `gender`, `phone_number`, `email_address`, `address`, `city`, `country`, `fav_res_id`) VALUES (10026181, 'Daniel', 'M', '914-179-1461', 'denise22@hernandez-townsend.com', '506 State Road', 'North Dartmouth', 'USA', 6300781);
INSERT INTO `restaurants`.`customer` (`id`, `name`, `gender`, `phone_number`, `email_address`, `address`, `city`, `country`, `fav_res_id`) VALUES (9757245, 'Luis', 'F', '039-283-1241', 'youngbarbara@yahoo.com', '742 Main Street', 'North Oxford', 'USA', 6601595);
INSERT INTO `restaurants`.`customer` (`id`, `name`, `gender`, `phone_number`, `email_address`, `address`, `city`, `country`, `fav_res_id`) VALUES (9618779, 'Carlos', 'M', '093-828-4814', 'william25@mcconnell.com', '72 Main St', 'North Reading', 'USA', 6600060);
INSERT INTO `restaurants`.`customer` (`id`, `name`, `gender`, `phone_number`, `email_address`, `address`, `city`, `country`, `fav_res_id`) VALUES (8807695, 'James', 'M', '209-303-3473', 'ijones@schaefer-carr.net', '200 Otis Street', 'Northborough', 'USA', 6600214);
INSERT INTO `restaurants`.`customer` (`id`, `name`, `gender`, `phone_number`, `email_address`, `address`, `city`, `country`, `fav_res_id`) VALUES (8659274, 'Antonio', 'M', '245-474-7807', 'heatherhall@yahoo.com', '180 North King Street', 'Northhampton', 'USA', 7300515);
INSERT INTO `restaurants`.`customer` (`id`, `name`, `gender`, `phone_number`, `email_address`, `address`, `city`, `country`, `fav_res_id`) VALUES (8630833, 'Joseph', 'M', '914-179-1462', 'tinasmith@martinez.info', '555 East Main St', 'Orange', 'USA', 6314605);
INSERT INTO `restaurants`.`customer` (`id`, `name`, `gender`, `phone_number`, `email_address`, `address`, `city`, `country`, `fav_res_id`) VALUES (8516339, 'Hui', 'M', '039-283-1242', 'chasejennifer@hotmail.com', '555 Hubbard Ave-Suite 12', 'Pittsfield', 'USA', 7300955);
INSERT INTO `restaurants`.`customer` (`id`, `name`, `gender`, `phone_number`, `email_address`, `address`, `city`, `country`, `fav_res_id`) VALUES (8516023, 'Elena', 'F', '039-283-1242', 'jenniferbarnett@gmail.com', '300 Colony Place', 'Plymouth', 'USA', 6600681);
INSERT INTO `restaurants`.`customer` (`id`, `name`, `gender`, `phone_number`, `email_address`, `address`, `city`, `country`, `fav_res_id`) VALUES (8284823, 'Francisco', 'M', '093-828-4815', 'jared39@hotmail.com', '301 Falls Blvd', 'Quincy', 'USA', 7303219);
INSERT INTO `restaurants`.`customer` (`id`, `name`, `gender`, `phone_number`, `email_address`, `address`, `city`, `country`, `fav_res_id`) VALUES (8151369, 'Hong', 'F', '209-303-3474', 'briancarlson@page-fleming.com', '36 Paramount Drive', 'Raynham', 'USA', 6300781);
INSERT INTO `restaurants`.`customer` (`id`, `name`, `gender`, `phone_number`, `email_address`, `address`, `city`, `country`, `fav_res_id`) VALUES (8017245, 'Marie', 'F', '245-474-7808', 'joshuaodom@gmail.com', '450 Highland Ave', 'Salem', 'USA', 6309903);
INSERT INTO `restaurants`.`customer` (`id`, `name`, `gender`, `phone_number`, `email_address`, `address`, `city`, `country`, `fav_res_id`) VALUES (7958072, 'Min', 'F', '914-179-1463', 'vickie90@lee-wilson.com', '1180 Fall River Avenue', 'Seekonk', 'USA', 7304307);
INSERT INTO `restaurants`.`customer` (`id`, `name`, `gender`, `phone_number`, `email_address`, `address`, `city`, `country`, `fav_res_id`) VALUES (7902269, 'Lei', 'F', '093-828-4816', 'duane56@hotmail.com', '1105 Boston Road', 'Springfield', 'USA', 6300781);
INSERT INTO `restaurants`.`customer` (`id`, `name`, `gender`, `phone_number`, `email_address`, `address`, `city`, `country`, `fav_res_id`) VALUES (7842050, 'Yu', 'F', '209-303-3475', 'enash@gmail.com', '100 Charlton Road', 'Sturbridge', 'USA', 6318213);
INSERT INTO `restaurants`.`customer` (`id`, `name`, `gender`, `phone_number`, `email_address`, `address`, `city`, `country`, `fav_res_id`) VALUES (7488578, 'Ibrahim', 'M', '245-474-7809', 'sandraharrison@bailey-gordon.net', '262 Swansea Mall Dr', 'Swansea', 'USA', 7300521);
INSERT INTO `restaurants`.`customer` (`id`, `name`, `gender`, `phone_number`, `email_address`, `address`, `city`, `country`, `fav_res_id`) VALUES (7469320, 'Peter', 'M', '914-179-1464', 'cunninghamwilliam@hotmail.com', '333 Main Street', 'Tewksbury', 'USA', 6600060);
INSERT INTO `restaurants`.`customer` (`id`, `name`, `gender`, `phone_number`, `email_address`, `address`, `city`, `country`, `fav_res_id`) VALUES (7251577, 'Fatima', 'M', '093-828-4817', 'teresaallen@hill-leach.info', '550 Providence Hwy', 'Walpole', 'USA', 6300002);
INSERT INTO `restaurants`.`customer` (`id`, `name`, `gender`, `phone_number`, `email_address`, `address`, `city`, `country`, `fav_res_id`) VALUES (7089849, 'Aleksandr', 'M', '209-303-3476', 'rhonda96@little.org', '352 Palmer Road', 'Ware', 'USA', 7300704);
INSERT INTO `restaurants`.`customer` (`id`, `name`, `gender`, `phone_number`, `email_address`, `address`, `city`, `country`, `fav_res_id`) VALUES (7055991, 'Richard', 'M', '914-179-1465', 'lisacabrera@yahoo.com', '3005 Cranberry Hwy Rt 6 28', 'Wareham', 'USA', 6600379);
INSERT INTO `restaurants`.`customer` (`id`, `name`, `gender`, `phone_number`, `email_address`, `address`, `city`, `country`, `fav_res_id`) VALUES (7039431, 'Xin', 'M', '093-828-4818', 'jasonrichardson@elliott.com', '250 Rt 59', 'Airmont', 'USA', 6601862);
INSERT INTO `restaurants`.`customer` (`id`, `name`, `gender`, `phone_number`, `email_address`, `address`, `city`, `country`, `fav_res_id`) VALUES (6940030, 'Bin', 'M', '209-303-3477', 'hoovernicole@dorsey.net', '141 Washington Ave Extension', 'Albany', 'USA', 6601361);
INSERT INTO `restaurants`.`customer` (`id`, `name`, `gender`, `phone_number`, `email_address`, `address`, `city`, `country`, `fav_res_id`) VALUES (6916349, 'Paul', 'M', '914-179-1466', 'christopher20@gmail.com', '13858 Rt 31 W', 'Albion', 'USA', 6310406);
INSERT INTO `restaurants`.`customer` (`id`, `name`, `gender`, `phone_number`, `email_address`, `address`, `city`, `country`, `fav_res_id`) VALUES (6878245, 'Ping', 'M', '093-828-4819', 'brianwilson@yahoo.com', '2055 Niagara Falls Blvd', 'Amherst', 'USA', 6304287);
INSERT INTO `restaurants`.`customer` (`id`, `name`, `gender`, `phone_number`, `email_address`, `address`, `city`, `country`, `fav_res_id`) VALUES (6866610, 'Lin', 'M', '093-828-4820', 'gonzaleskatie@gmail.com', '101 Sanford Farm Shpg Center', 'Amsterdam', 'USA', 6600292);
INSERT INTO `restaurants`.`customer` (`id`, `name`, `gender`, `phone_number`, `email_address`, `address`, `city`, `country`, `fav_res_id`) VALUES (6624899, 'Olga', 'M', '820-481-8457', 'lsmith@chung.com', '297 Grant Avenue', 'Auburn', 'USA', 7300704);
INSERT INTO `restaurants`.`customer` (`id`, `name`, `gender`, `phone_number`, `email_address`, `address`, `city`, `country`, `fav_res_id`) VALUES (6473133, 'Sri', 'F', '903-920-9501', 'dongarcia@hotmail.com', '4133 Veterans Memorial Drive', 'Batavia', 'USA', 7300955);
INSERT INTO `restaurants`.`customer` (`id`, `name`, `gender`, `phone_number`, `email_address`, `address`, `city`, `country`, `fav_res_id`) VALUES (6446070, 'Pedro', 'M', '401-591-0421', 'kimberly46@garcia-nelson.biz', '6265 Brockport Spencerport Rd', 'Brockport', 'USA', 6309455);
# 50 records

#
# Dumping data for table 'restaurant'
#

INSERT INTO `restaurants`.`restaurant` (`id`, `name`, `address`, `city`, `country`, `hotline_number`, `rating`) VALUES (6317637, 'Le Petit Souffle', 'Third Floor, Century City Mall, Kalayaan Avenue, Poblacion, Makati City', 'Makati City', 'Philippines', '919945977774', 4.4);
INSERT INTO `restaurants`.`restaurant` (`id`, `name`, `address`, `city`, `country`, `hotline_number`, `rating`) VALUES (6304287, 'Izakaya Kikufuji', 'Little Tokyo, 2277 Chino Roces Avenue, Legaspi Village, Makati City', 'Makati City', 'Philippines', '918041135050', 3.0);
INSERT INTO `restaurants`.`restaurant` (`id`, `name`, `address`, `city`, `country`, `hotline_number`, `rating`) VALUES (6300002, 'Heat - Edsa Shangri-La', 'Edsa Shangri-La, 1 Garden Way, Ortigas, Mandaluyong City', 'Mandaluyong City', 'Philippines', '918861564169', 3.5);
INSERT INTO `restaurants`.`restaurant` (`id`, `name`, `address`, `city`, `country`, `hotline_number`, `rating`) VALUES (6318506, 'Ooma', 'Third Floor, Mega Fashion Hall, SM Megamall, Ortigas, Mandaluyong City', 'Mandaluyong City', 'Philippines', '919916465787', 4.8);
INSERT INTO `restaurants`.`restaurant` (`id`, `name`, `address`, `city`, `country`, `hotline_number`, `rating`) VALUES (6314302, 'Sambo Kojin', 'Third Floor, Mega Atrium, SM Megamall, Ortigas, Mandaluyong City', 'Mandaluyong City', 'Philippines', '919513700040', 5.0);
INSERT INTO `restaurants`.`restaurant` (`id`, `name`, `address`, `city`, `country`, `hotline_number`, `rating`) VALUES (18189371, 'Din Tai Fung', 'Ground Floor, Mega Fashion Hall, SM Megamall, Ortigas, Mandaluyong City', 'Mandaluyong City', 'Philippines', '918147222533', 5.0);
INSERT INTO `restaurants`.`restaurant` (`id`, `name`, `address`, `city`, `country`, `hotline_number`, `rating`) VALUES (6300781, 'Buffet 101', 'Building K, SM By The Bay, Sunset Boulevard, Mall of Asia Complex (MOA), Pasay City', 'Pasay City', 'Philippines', '918043028019', 4.2);
INSERT INTO `restaurants`.`restaurant` (`id`, `name`, `address`, `city`, `country`, `hotline_number`, `rating`) VALUES (6301290, 'Vikings', 'Building B, By The Bay, Seaside Boulevard, Mall of Asia Complex (MOA), Pasay City', 'Pasay City', 'Philippines', '918928304094', 5.0);
INSERT INTO `restaurants`.`restaurant` (`id`, `name`, `address`, `city`, `country`, `hotline_number`, `rating`) VALUES (6300010, 'Spiral - Sofitel Philippine Plaza Manila', 'Plaza Level, Sofitel Philippine Plaza Manila, CCP Complex, Pasay City', 'Pasay City', 'Philippines', '918060001600', 4.3);
INSERT INTO `restaurants`.`restaurant` (`id`, `name`, `address`, `city`, `country`, `hotline_number`, `rating`) VALUES (6314987, 'Locavore', 'Brixton Technology Center, 10 Brixton Street, Kapitolyo, Pasig City', 'Pasig City', 'Philippines', '918045025371', NULL);
INSERT INTO `restaurants`.`restaurant` (`id`, `name`, `address`, `city`, `country`, `hotline_number`, `rating`) VALUES (6309903, 'Silantro Fil-Mex', '75 East Capitol Drive, Kapitolyo, Pasig City', 'Pasig City', 'Philippines', '918068172526', 1.2);
INSERT INTO `restaurants`.`restaurant` (`id`, `name`, `address`, `city`, `country`, `hotline_number`, `rating`) VALUES (6309455, 'Mad Mark\'s Creamery & Good Eats', '23 East Capitol Drive, Kapitolyo, Pasig City', 'Pasig City', 'Philippines', '917795951120', 4.3);
INSERT INTO `restaurants`.`restaurant` (`id`, `name`, `address`, `city`, `country`, `hotline_number`, `rating`) VALUES (6318433, 'Silantro Fil-Mex', 'Second Floor, UP Town Center, Katipunan Avenue, Diliman, Quezon City', 'Quezon City', 'Philippines', '917738383000', 4.9);
INSERT INTO `restaurants`.`restaurant` (`id`, `name`, `address`, `city`, `country`, `hotline_number`, `rating`) VALUES (6310470, 'Guevarra\'s', '387 P. Guevarra Corner Argonne Street, Addition Hills, San Juan City', 'San Juan City', 'Philippines', '918073985789', 3.3);
INSERT INTO `restaurants`.`restaurant` (`id`, `name`, `address`, `city`, `country`, `hotline_number`, `rating`) VALUES (6314605, 'Sodam Korean Restaurant', '17 J. Abad Santos Drive, Little Baguio, San Juan City', 'San Juan City', 'Philippines', '918040424242', 4.6);
INSERT INTO `restaurants`.`restaurant` (`id`, `name`, `address`, `city`, `country`, `hotline_number`, `rating`) VALUES (18185059, 'Cafe Arabelle', 'Ayala Mall, Solenad, Nuvali, Santa Rosa - Tagaytay Road, Don Jose, Santa Rosa', 'Santa Rosa', 'Philippines', '918068172526', 4.7);
INSERT INTO `restaurants`.`restaurant` (`id`, `name`, `address`, `city`, `country`, `hotline_number`, `rating`) VALUES (18182702, 'Nonna\'s Pasta & Pizzeria', 'Ground Floor, Building G, Solenad 3, Nuvali, Don Jose, Santa Rosa', 'Santa Rosa', 'Philippines', '918042800900', 4.0);
INSERT INTO `restaurants`.`restaurant` (`id`, `name`, `address`, `city`, `country`, `hotline_number`, `rating`) VALUES (6318213, 'Balay Dako', 'Aguinaldo Highway, Tagaytay City', 'Tagaytay City', 'Philippines', '919880031798', 3.9);
INSERT INTO `restaurants`.`restaurant` (`id`, `name`, `address`, `city`, `country`, `hotline_number`, `rating`) VALUES (18255654, 'Hobing Korean Dessert Cafe', 'Third Floor, BGC Stopover Pavillion, Rizal Drive Corner 31st Street, Bonifacio Global City, Taguig City', 'Taguig City', 'Philippines', '919538739222', NULL);
INSERT INTO `restaurants`.`restaurant` (`id`, `name`, `address`, `city`, `country`, `hotline_number`, `rating`) VALUES (6308205, 'Wildflour Cafe + Bakery', 'Ground Floor, Netlima Building, 4th Avenue Corner 26th Street, Bonifacio Global City, Taguig City', 'Taguig City', 'Philippines', '919483465991', 4.5);
INSERT INTO `restaurants`.`restaurant` (`id`, `name`, `address`, `city`, `country`, `hotline_number`, `rating`) VALUES (6315438, 'NIU by Vikings', 'Sixth Floor, SM Aura Premier, C5 Road Corner 26th Street, Bonifacio Global City, Taguig City', 'Taguig City', 'Philippines', '919538886658', 4.5);
INSERT INTO `restaurants`.`restaurant` (`id`, `name`, `address`, `city`, `country`, `hotline_number`, `rating`) VALUES (6310406, 'The Food Hall by Todd English', 'Fifth Floor, SM Aura Premier, C5 Corner 26th Street, Bonifacio Global City, Taguig City', 'Taguig City', 'Philippines', '919620006165', 0.6);
INSERT INTO `restaurants`.`restaurant` (`id`, `name`, `address`, `city`, `country`, `hotline_number`, `rating`) VALUES (6600681, 'Chez Michou', 'SCLN, 208, Bloco A, Loja 30, Asa Norte, Brasí_lia', 'Brasí_lia', 'Brazil', '918043008120', NULL);
INSERT INTO `restaurants`.`restaurant` (`id`, `name`, `address`, `city`, `country`, `hotline_number`, `rating`) VALUES (6601005, 'Cafí© Daniel Briand', 'SCLN 104, Bloco A, Loja 26, Asa Norte, Brasí_lia', 'Brasí_lia', 'Brazil', '919964827578', 2.6);
INSERT INTO `restaurants`.`restaurant` (`id`, `name`, `address`, `city`, `country`, `hotline_number`, `rating`) VALUES (6600292, 'Casa do Biscoito Mineiro', 'SCLN 210, Bloco D, Loja 36/48, Asa Norte, Brasí_lia', 'Brasí_lia', 'Brazil', '918041469893', 4.9);
INSERT INTO `restaurants`.`restaurant` (`id`, `name`, `address`, `city`, `country`, `hotline_number`, `rating`) VALUES (6600441, 'Maori', 'CLN 110, Bloco D, Loja 28, Asa Norte, Brasí_lia', 'Brasí_lia', 'Brazil', '918043712857', 4.6);
INSERT INTO `restaurants`.`restaurant` (`id`, `name`, `address`, `city`, `country`, `hotline_number`, `rating`) VALUES (6600970, 'Pizza íæ Bessa', 'SCS 214, Bloco C, Loja 40, Asa Sul, Brasí_lia', 'Brasí_lia', 'Brazil', '918431432806', NULL);
INSERT INTO `restaurants`.`restaurant` (`id`, `name`, `address`, `city`, `country`, `hotline_number`, `rating`) VALUES (6600379, 'Sushi Loko', 'SCS 213, Bloco C, Loja 35, Asa Sul, Brasí_lia', 'Brasí_lia', 'Brazil', '917829237723', 4.1);
INSERT INTO `restaurants`.`restaurant` (`id`, `name`, `address`, `city`, `country`, `hotline_number`, `rating`) VALUES (6600214, 'Beirute', 'CLS 109, Bloco A, Loja 2/6, Asa Sul, Brasí_lia', 'Brasí_lia', 'Brazil', '917829652809', 1.0);
INSERT INTO `restaurants`.`restaurant` (`id`, `name`, `address`, `city`, `country`, `hotline_number`, `rating`) VALUES (6601218, 'New Koto', 'SCS 212, Bloco B, Loja 26, Asa Sul, Brasí_lia', 'Brasí_lia', 'Brazil', '917892154893', 4.4);
INSERT INTO `restaurants`.`restaurant` (`id`, `name`, `address`, `city`, `country`, `hotline_number`, `rating`) VALUES (6600060, 'Sandubas Cafí©', 'Edifí_cio Josí© Severo, SCS 6, Bloco A, Loja 99, Asa Sul, Brasí_lia', 'Brasí_lia', 'Brazil', '919663578800', 4.8);
INSERT INTO `restaurants`.`restaurant` (`id`, `name`, `address`, `city`, `country`, `hotline_number`, `rating`) VALUES (6600083, 'Villa Tevere', 'CLS 115, Bloco A, Loja 2, Asa Sul, Brasí_lia', 'Brasí_lia', 'Brazil', '917338816655', 5.0);
INSERT INTO `restaurants`.`restaurant` (`id`, `name`, `address`, `city`, `country`, `hotline_number`, `rating`) VALUES (6601515, 'Rovereto', 'Rua 13 Norte, Lote 4, íguas Claras, Brasí_lia', 'Brasí_lia', 'Brazil', '918045025371', 3.7);
INSERT INTO `restaurants`.`restaurant` (`id`, `name`, `address`, `city`, `country`, `hotline_number`, `rating`) VALUES (6601361, 'Buena Carne', 'Avenida Araucíçrias, 1325, Loja 19, íguas Claras, Brasí_lia', 'Brasí_lia', 'Brazil', '918025576688', 5.0);
INSERT INTO `restaurants`.`restaurant` (`id`, `name`, `address`, `city`, `country`, `hotline_number`, `rating`) VALUES (6601602, 'Taco Pep', 'Vila Malls, Avenida das Castanheiras, Lote 1060, í€guas Claras, Brasí_lia', 'Brasí_lia', 'Brazil', '918043724663', 3.3);
INSERT INTO `restaurants`.`restaurant` (`id`, `name`, `address`, `city`, `country`, `hotline_number`, `rating`) VALUES (6601589, 'Coco Bambu', 'Brasí_lia Shopping - Piso 2, SCN 5, Bloco A, Asa Norte, Brasí_lia', 'Brasí_lia', 'Brazil', '918042297250', NULL);
INSERT INTO `restaurants`.`restaurant` (`id`, `name`, `address`, `city`, `country`, `hotline_number`, `rating`) VALUES (6601862, 'Taypíç', 'Fashion Park, Shis Ql 17, Bloco G, Loja 208, Lago Sul, Brasí_lia', 'Brasí_lia', 'Brazil', '919902364726', 2.7);
INSERT INTO `restaurants`.`restaurant` (`id`, `name`, `address`, `city`, `country`, `hotline_number`, `rating`) VALUES (6601595, 'Outback Steakhouse', 'ParkShopping - Piso 2, SAI/SO, írea 6580, Guaríç I, Brasí_lia', 'Brasí_lia', 'Brazil', '917619333334', 4.0);
INSERT INTO `restaurants`.`restaurant` (`id`, `name`, `address`, `city`, `country`, `hotline_number`, `rating`) VALUES (6601158, 'Manzuíç', 'Pontí£o Lago Sul, SHIS 10, Lote 9, Lago Sul, Brasí_lia', 'Brasí_lia', 'Brazil', '919739733558', 4.6);
INSERT INTO `restaurants`.`restaurant` (`id`, `name`, `address`, `city`, `country`, `hotline_number`, `rating`) VALUES (6600427, 'Coco Bambu', 'SCES, Trecho 2, Conjunto 13/36, Setor de Clubes Esportivos Sul, Brasí_lia', 'Brasí_lia', 'Brazil', '918041105923', 5.0);
INSERT INTO `restaurants`.`restaurant` (`id`, `name`, `address`, `city`, `country`, `hotline_number`, `rating`) VALUES (6600116, 'Gero', 'Shopping Iguatemi - piso 1, SHIN CA 4, Lote A, Lago Norte, Brasí_lia', 'Brasí_lia', 'Brazil', '918041171149', NULL);
INSERT INTO `restaurants`.`restaurant` (`id`, `name`, `address`, `city`, `country`, `hotline_number`, `rating`) VALUES (6601457, 'Brazilian American Burgers', 'CLSN 301, Bloco C, Loja 86, Sudoeste, Brasí_lia', 'Brasí_lia', 'Brazil', '919632846622', 2.5);
INSERT INTO `restaurants`.`restaurant` (`id`, `name`, `address`, `city`, `country`, `hotline_number`, `rating`) VALUES (7303219, 'Pesqueiro Eco Gourmet', 'Praia da Barra da Tijuca, Avenida Lí_cio Costa, Ilha 25, Barra da Tijuca, Rio de Janeiro', 'Rio de Janeiro', 'Brazil', '919110308183', 5.0);
INSERT INTO `restaurants`.`restaurant` (`id`, `name`, `address`, `city`, `country`, `hotline_number`, `rating`) VALUES (7304307, 'Confeitaria Colombo', 'Rua Goní_alves Dias, 32, Centro, Rio de Janeiro', 'Rio de Janeiro', 'Brazil', '919686927270', 5.0);
INSERT INTO `restaurants`.`restaurant` (`id`, `name`, `address`, `city`, `country`, `hotline_number`, `rating`) VALUES (7301215, 'Bibi', 'Rua Santa Clara, 36, Copabana, Rio de Janeiro', 'Rio de Janeiro', 'Brazil', '918041256466', 4.3);
INSERT INTO `restaurants`.`restaurant` (`id`, `name`, `address`, `city`, `country`, `hotline_number`, `rating`) VALUES (7300596, 'Cervantes', 'Avenida Prado Junior, 335 B, Copacabana, Rio de Janeiro', 'Rio de Janeiro', 'Brazil', '918041486266', NULL);
INSERT INTO `restaurants`.`restaurant` (`id`, `name`, `address`, `city`, `country`, `hotline_number`, `rating`) VALUES (7300612, 'Amir', 'Rua Ronald de Carvalho, 55, Copacabana, Rio de Janeiro', 'Rio de Janeiro', 'Brazil', '919845487404', NULL);
INSERT INTO `restaurants`.`restaurant` (`id`, `name`, `address`, `city`, `country`, `hotline_number`, `rating`) VALUES (7300704, 'TT Burger', 'Galeria River, Rua Francisco Otaviano, 67, Copacabana, Rio de Janeiro', 'Rio de Janeiro', 'Brazil', '919880846251', NULL);
INSERT INTO `restaurants`.`restaurant` (`id`, `name`, `address`, `city`, `country`, `hotline_number`, `rating`) VALUES (7300955, 'Braseiro da Gíçvea', 'Praí_a Santos Dumont, 116, Gíçvea, Rio de Janeiro', 'Rio de Janeiro', 'Brazil', '917700050050', 4.2);
INSERT INTO `restaurants`.`restaurant` (`id`, `name`, `address`, `city`, `country`, `hotline_number`, `rating`) VALUES (7300521, 'Balada Mix', 'Rua Aní_bal de Mendoní_a, 37, Ipanema, Rio de Janeiro', 'Rio de Janeiro', 'Brazil', '918068172526', 3.9);
INSERT INTO `restaurants`.`restaurant` (`id`, `name`, `address`, `city`, `country`, `hotline_number`, `rating`) VALUES (7300515, 'Garota de Ipanema', 'Rua Vinicius de Moraes, 49, Ipanema, Rio de Janeiro', 'Rio de Janeiro', 'Brazil', '919943226483', 4.5);
# 51 records

#
# Dumping data for table 'services'
#

INSERT INTO `restaurants`.`services` (`restaurant_id`, `menu_id`, `payment_methods`, `buffet`, `brunch`, `kids_menu`, `delivery`, `take_out`, `catering`) VALUES (6317637, 93484, 'cash', 1, 0, 1, 1, 1, 0);
INSERT INTO `restaurants`.`services` (`restaurant_id`, `menu_id`, `payment_methods`, `buffet`, `brunch`, `kids_menu`, `delivery`, `take_out`, `catering`) VALUES (6304287, 11077, 'cash', 1, 0, 1, 0, 1, 0);
INSERT INTO `restaurants`.`services` (`restaurant_id`, `menu_id`, `payment_methods`, `buffet`, `brunch`, `kids_menu`, `delivery`, `take_out`, `catering`) VALUES (6300002, 51721, 'cash', 1, 1, 0, 0, 0, 0);
INSERT INTO `restaurants`.`services` (`restaurant_id`, `menu_id`, `payment_methods`, `buffet`, `brunch`, `kids_menu`, `delivery`, `take_out`, `catering`) VALUES (6318506, 72313, 'cash', 0, 1, 0, 1, 0, 1);
INSERT INTO `restaurants`.`services` (`restaurant_id`, `menu_id`, `payment_methods`, `buffet`, `brunch`, `kids_menu`, `delivery`, `take_out`, `catering`) VALUES (6314302, 40879, 'paypal', 0, 1, 0, 0, 1, 1);
INSERT INTO `restaurants`.`services` (`restaurant_id`, `menu_id`, `payment_methods`, `buffet`, `brunch`, `kids_menu`, `delivery`, `take_out`, `catering`) VALUES (18189371, 99391, 'cash', 0, 1, 0, 0, 1, 1);
INSERT INTO `restaurants`.`services` (`restaurant_id`, `menu_id`, `payment_methods`, `buffet`, `brunch`, `kids_menu`, `delivery`, `take_out`, `catering`) VALUES (6300781, 71973, 'cash', 0, 0, 1, 0, 1, 1);
INSERT INTO `restaurants`.`services` (`restaurant_id`, `menu_id`, `payment_methods`, `buffet`, `brunch`, `kids_menu`, `delivery`, `take_out`, `catering`) VALUES (6301290, 77468, 'paypal', 1, 0, 0, 0, 0, 0);
INSERT INTO `restaurants`.`services` (`restaurant_id`, `menu_id`, `payment_methods`, `buffet`, `brunch`, `kids_menu`, `delivery`, `take_out`, `catering`) VALUES (6300010, 20672, 'cash', 0, 0, 1, 1, 1, 1);
INSERT INTO `restaurants`.`services` (`restaurant_id`, `menu_id`, `payment_methods`, `buffet`, `brunch`, `kids_menu`, `delivery`, `take_out`, `catering`) VALUES (6314987, 54623, 'cash', 0, 1, 1, 0, 1, 0);
INSERT INTO `restaurants`.`services` (`restaurant_id`, `menu_id`, `payment_methods`, `buffet`, `brunch`, `kids_menu`, `delivery`, `take_out`, `catering`) VALUES (6309903, 10813, 'paypal', 0, 1, 1, 0, 0, 1);
INSERT INTO `restaurants`.`services` (`restaurant_id`, `menu_id`, `payment_methods`, `buffet`, `brunch`, `kids_menu`, `delivery`, `take_out`, `catering`) VALUES (6309455, 99255, 'cash', 1, 1, 0, 1, 1, 0);
INSERT INTO `restaurants`.`services` (`restaurant_id`, `menu_id`, `payment_methods`, `buffet`, `brunch`, `kids_menu`, `delivery`, `take_out`, `catering`) VALUES (6318433, 38707, 'cash', 1, 0, 0, 1, 1, 0);
INSERT INTO `restaurants`.`services` (`restaurant_id`, `menu_id`, `payment_methods`, `buffet`, `brunch`, `kids_menu`, `delivery`, `take_out`, `catering`) VALUES (6310470, 16267, 'cash', 0, 0, 0, 0, 1, 0);
INSERT INTO `restaurants`.`services` (`restaurant_id`, `menu_id`, `payment_methods`, `buffet`, `brunch`, `kids_menu`, `delivery`, `take_out`, `catering`) VALUES (6314605, 77649, 'paypal', 0, 0, 0, 1, 1, 0);
INSERT INTO `restaurants`.`services` (`restaurant_id`, `menu_id`, `payment_methods`, `buffet`, `brunch`, `kids_menu`, `delivery`, `take_out`, `catering`) VALUES (18185059, 84318, 'cash', 1, 0, 1, 0, 0, 1);
INSERT INTO `restaurants`.`services` (`restaurant_id`, `menu_id`, `payment_methods`, `buffet`, `brunch`, `kids_menu`, `delivery`, `take_out`, `catering`) VALUES (18182702, 74841, 'cash', 1, 1, 0, 1, 0, 0);
INSERT INTO `restaurants`.`services` (`restaurant_id`, `menu_id`, `payment_methods`, `buffet`, `brunch`, `kids_menu`, `delivery`, `take_out`, `catering`) VALUES (6318213, 83901, 'paypal', 0, 1, 0, 0, 1, 0);
INSERT INTO `restaurants`.`services` (`restaurant_id`, `menu_id`, `payment_methods`, `buffet`, `brunch`, `kids_menu`, `delivery`, `take_out`, `catering`) VALUES (18255654, 80114, 'cash', 0, 0, 1, 0, 0, 0);
INSERT INTO `restaurants`.`services` (`restaurant_id`, `menu_id`, `payment_methods`, `buffet`, `brunch`, `kids_menu`, `delivery`, `take_out`, `catering`) VALUES (6308205, 27023, 'paypal', 1, 0, 0, 0, 0, 1);
INSERT INTO `restaurants`.`services` (`restaurant_id`, `menu_id`, `payment_methods`, `buffet`, `brunch`, `kids_menu`, `delivery`, `take_out`, `catering`) VALUES (6315438, 10912, 'cash', 0, 1, 0, 0, 0, 0);
INSERT INTO `restaurants`.`services` (`restaurant_id`, `menu_id`, `payment_methods`, `buffet`, `brunch`, `kids_menu`, `delivery`, `take_out`, `catering`) VALUES (6310406, 59840, 'cash', 1, 1, 1, 1, 1, 0);
INSERT INTO `restaurants`.`services` (`restaurant_id`, `menu_id`, `payment_methods`, `buffet`, `brunch`, `kids_menu`, `delivery`, `take_out`, `catering`) VALUES (6600681, 61303, 'cash', 0, 1, 1, 0, 0, 1);
INSERT INTO `restaurants`.`services` (`restaurant_id`, `menu_id`, `payment_methods`, `buffet`, `brunch`, `kids_menu`, `delivery`, `take_out`, `catering`) VALUES (6601005, 83376, 'cash', 1, 1, 1, 0, 1, 0);
INSERT INTO `restaurants`.`services` (`restaurant_id`, `menu_id`, `payment_methods`, `buffet`, `brunch`, `kids_menu`, `delivery`, `take_out`, `catering`) VALUES (6600292, 24774, 'paypal', 1, 0, 1, 0, 1, 0);
INSERT INTO `restaurants`.`services` (`restaurant_id`, `menu_id`, `payment_methods`, `buffet`, `brunch`, `kids_menu`, `delivery`, `take_out`, `catering`) VALUES (6600441, 73322, 'cash', 0, 0, 0, 1, 0, 1);
INSERT INTO `restaurants`.`services` (`restaurant_id`, `menu_id`, `payment_methods`, `buffet`, `brunch`, `kids_menu`, `delivery`, `take_out`, `catering`) VALUES (6600970, 84690, 'cash', 0, 1, 0, 0, 0, 1);
INSERT INTO `restaurants`.`services` (`restaurant_id`, `menu_id`, `payment_methods`, `buffet`, `brunch`, `kids_menu`, `delivery`, `take_out`, `catering`) VALUES (6600379, 99121, 'cash', 0, 0, 1, 1, 1, 1);
INSERT INTO `restaurants`.`services` (`restaurant_id`, `menu_id`, `payment_methods`, `buffet`, `brunch`, `kids_menu`, `delivery`, `take_out`, `catering`) VALUES (6600214, 47558, 'paypal', 0, 1, 1, 0, 0, 0);
INSERT INTO `restaurants`.`services` (`restaurant_id`, `menu_id`, `payment_methods`, `buffet`, `brunch`, `kids_menu`, `delivery`, `take_out`, `catering`) VALUES (6601218, 92318, 'cash', 0, 0, 1, 1, 1, 0);
INSERT INTO `restaurants`.`services` (`restaurant_id`, `menu_id`, `payment_methods`, `buffet`, `brunch`, `kids_menu`, `delivery`, `take_out`, `catering`) VALUES (6600060, 20711, 'cash', 1, 0, 0, 0, 1, 1);
INSERT INTO `restaurants`.`services` (`restaurant_id`, `menu_id`, `payment_methods`, `buffet`, `brunch`, `kids_menu`, `delivery`, `take_out`, `catering`) VALUES (6600083, 23577, 'cash', 1, 0, 0, 0, 1, 0);
INSERT INTO `restaurants`.`services` (`restaurant_id`, `menu_id`, `payment_methods`, `buffet`, `brunch`, `kids_menu`, `delivery`, `take_out`, `catering`) VALUES (6601515, 68753, 'paypal', 1, 0, 1, 1, 1, 0);
INSERT INTO `restaurants`.`services` (`restaurant_id`, `menu_id`, `payment_methods`, `buffet`, `brunch`, `kids_menu`, `delivery`, `take_out`, `catering`) VALUES (6601361, 37920, 'cash', 0, 0, 1, 1, 0, 0);
INSERT INTO `restaurants`.`services` (`restaurant_id`, `menu_id`, `payment_methods`, `buffet`, `brunch`, `kids_menu`, `delivery`, `take_out`, `catering`) VALUES (6601602, 75135, 'cash', 1, 1, 1, 1, 1, 1);
INSERT INTO `restaurants`.`services` (`restaurant_id`, `menu_id`, `payment_methods`, `buffet`, `brunch`, `kids_menu`, `delivery`, `take_out`, `catering`) VALUES (6601589, 64736, 'cash', 1, 0, 0, 1, 0, 0);
INSERT INTO `restaurants`.`services` (`restaurant_id`, `menu_id`, `payment_methods`, `buffet`, `brunch`, `kids_menu`, `delivery`, `take_out`, `catering`) VALUES (6601862, 96394, 'cash', 0, 1, 1, 1, 1, 1);
INSERT INTO `restaurants`.`services` (`restaurant_id`, `menu_id`, `payment_methods`, `buffet`, `brunch`, `kids_menu`, `delivery`, `take_out`, `catering`) VALUES (6601595, 65220, 'cash', 0, 0, 0, 0, 1, 1);
INSERT INTO `restaurants`.`services` (`restaurant_id`, `menu_id`, `payment_methods`, `buffet`, `brunch`, `kids_menu`, `delivery`, `take_out`, `catering`) VALUES (6601158, 94003, 'cash', 0, 0, 0, 1, 1, 1);
INSERT INTO `restaurants`.`services` (`restaurant_id`, `menu_id`, `payment_methods`, `buffet`, `brunch`, `kids_menu`, `delivery`, `take_out`, `catering`) VALUES (6600427, 85598, 'cash', 0, 1, 1, 1, 0, 0);
INSERT INTO `restaurants`.`services` (`restaurant_id`, `menu_id`, `payment_methods`, `buffet`, `brunch`, `kids_menu`, `delivery`, `take_out`, `catering`) VALUES (6600116, 57394, 'cash', 0, 0, 1, 0, 1, 0);
INSERT INTO `restaurants`.`services` (`restaurant_id`, `menu_id`, `payment_methods`, `buffet`, `brunch`, `kids_menu`, `delivery`, `take_out`, `catering`) VALUES (6601457, 87527, 'cash', 1, 1, 1, 0, 0, 0);
INSERT INTO `restaurants`.`services` (`restaurant_id`, `menu_id`, `payment_methods`, `buffet`, `brunch`, `kids_menu`, `delivery`, `take_out`, `catering`) VALUES (7303219, 75201, 'cash', 1, 1, 1, 1, 1, 0);
INSERT INTO `restaurants`.`services` (`restaurant_id`, `menu_id`, `payment_methods`, `buffet`, `brunch`, `kids_menu`, `delivery`, `take_out`, `catering`) VALUES (7304307, 85488, 'cash', 1, 0, 0, 1, 0, 0);
INSERT INTO `restaurants`.`services` (`restaurant_id`, `menu_id`, `payment_methods`, `buffet`, `brunch`, `kids_menu`, `delivery`, `take_out`, `catering`) VALUES (7301215, 23923, 'paypal', 0, 0, 1, 1, 1, 1);
INSERT INTO `restaurants`.`services` (`restaurant_id`, `menu_id`, `payment_methods`, `buffet`, `brunch`, `kids_menu`, `delivery`, `take_out`, `catering`) VALUES (7300596, 61467, 'cash', 0, 0, 1, 0, 1, 1);
INSERT INTO `restaurants`.`services` (`restaurant_id`, `menu_id`, `payment_methods`, `buffet`, `brunch`, `kids_menu`, `delivery`, `take_out`, `catering`) VALUES (7300612, 89271, 'cash', 1, 0, 0, 0, 0, 1);
INSERT INTO `restaurants`.`services` (`restaurant_id`, `menu_id`, `payment_methods`, `buffet`, `brunch`, `kids_menu`, `delivery`, `take_out`, `catering`) VALUES (7300704, 40271, 'cash', 0, 1, 0, 0, 1, 1);
INSERT INTO `restaurants`.`services` (`restaurant_id`, `menu_id`, `payment_methods`, `buffet`, `brunch`, `kids_menu`, `delivery`, `take_out`, `catering`) VALUES (7300955, 66138, 'cash', 1, 1, 1, 0, 1, 1);
INSERT INTO `restaurants`.`services` (`restaurant_id`, `menu_id`, `payment_methods`, `buffet`, `brunch`, `kids_menu`, `delivery`, `take_out`, `catering`) VALUES (7300521, 97601, 'paypal', 0, 0, 1, 0, 1, 1);
INSERT INTO `restaurants`.`services` (`restaurant_id`, `menu_id`, `payment_methods`, `buffet`, `brunch`, `kids_menu`, `delivery`, `take_out`, `catering`) VALUES (7300515, 66138, 'cash', 1, 0, 1, 0, 0, 0);
# 51 records

#
# Dumping data for table 'facilities'
#

INSERT INTO `restaurants`.`facilities` (`restaurant_id`, `bar`, `indoor_space`, `outdoor_space`, `private_room`, `parking_place`, `smoking_area`) VALUES (6317637, 1, 1, 1, 1, 1, 1);
INSERT INTO `restaurants`.`facilities` (`restaurant_id`, `bar`, `indoor_space`, `outdoor_space`, `private_room`, `parking_place`, `smoking_area`) VALUES (6304287, 0, 0, 0, 0, 1, 0);
INSERT INTO `restaurants`.`facilities` (`restaurant_id`, `bar`, `indoor_space`, `outdoor_space`, `private_room`, `parking_place`, `smoking_area`) VALUES (6300002, 0, 0, 0, 0, 1, 0);
INSERT INTO `restaurants`.`facilities` (`restaurant_id`, `bar`, `indoor_space`, `outdoor_space`, `private_room`, `parking_place`, `smoking_area`) VALUES (6318506, 0, 0, 0, 0, 0, 0);
INSERT INTO `restaurants`.`facilities` (`restaurant_id`, `bar`, `indoor_space`, `outdoor_space`, `private_room`, `parking_place`, `smoking_area`) VALUES (6314302, 1, 0, 1, 0, 1, 0);
INSERT INTO `restaurants`.`facilities` (`restaurant_id`, `bar`, `indoor_space`, `outdoor_space`, `private_room`, `parking_place`, `smoking_area`) VALUES (18189371, 1, 0, 0, 0, 1, 0);
INSERT INTO `restaurants`.`facilities` (`restaurant_id`, `bar`, `indoor_space`, `outdoor_space`, `private_room`, `parking_place`, `smoking_area`) VALUES (6300781, 0, 1, 1, 0, 0, 1);
INSERT INTO `restaurants`.`facilities` (`restaurant_id`, `bar`, `indoor_space`, `outdoor_space`, `private_room`, `parking_place`, `smoking_area`) VALUES (6301290, 1, 1, 0, 0, 1, 0);
INSERT INTO `restaurants`.`facilities` (`restaurant_id`, `bar`, `indoor_space`, `outdoor_space`, `private_room`, `parking_place`, `smoking_area`) VALUES (6300010, 1, 0, 1, 1, 0, 1);
INSERT INTO `restaurants`.`facilities` (`restaurant_id`, `bar`, `indoor_space`, `outdoor_space`, `private_room`, `parking_place`, `smoking_area`) VALUES (6314987, 1, 1, 1, 1, 0, 1);
INSERT INTO `restaurants`.`facilities` (`restaurant_id`, `bar`, `indoor_space`, `outdoor_space`, `private_room`, `parking_place`, `smoking_area`) VALUES (6309903, 1, 0, 1, 0, 0, 0);
INSERT INTO `restaurants`.`facilities` (`restaurant_id`, `bar`, `indoor_space`, `outdoor_space`, `private_room`, `parking_place`, `smoking_area`) VALUES (6309455, 1, 0, 0, 0, 0, 1);
INSERT INTO `restaurants`.`facilities` (`restaurant_id`, `bar`, `indoor_space`, `outdoor_space`, `private_room`, `parking_place`, `smoking_area`) VALUES (6318433, 0, 0, 0, 1, 1, 0);
INSERT INTO `restaurants`.`facilities` (`restaurant_id`, `bar`, `indoor_space`, `outdoor_space`, `private_room`, `parking_place`, `smoking_area`) VALUES (6310470, 1, 0, 1, 1, 1, 0);
INSERT INTO `restaurants`.`facilities` (`restaurant_id`, `bar`, `indoor_space`, `outdoor_space`, `private_room`, `parking_place`, `smoking_area`) VALUES (6314605, 1, 0, 0, 1, 1, 1);
INSERT INTO `restaurants`.`facilities` (`restaurant_id`, `bar`, `indoor_space`, `outdoor_space`, `private_room`, `parking_place`, `smoking_area`) VALUES (18185059, 1, 0, 1, 0, 0, 1);
INSERT INTO `restaurants`.`facilities` (`restaurant_id`, `bar`, `indoor_space`, `outdoor_space`, `private_room`, `parking_place`, `smoking_area`) VALUES (18182702, 1, 0, 0, 1, 1, 0);
INSERT INTO `restaurants`.`facilities` (`restaurant_id`, `bar`, `indoor_space`, `outdoor_space`, `private_room`, `parking_place`, `smoking_area`) VALUES (6318213, 0, 1, 1, 0, 1, 0);
INSERT INTO `restaurants`.`facilities` (`restaurant_id`, `bar`, `indoor_space`, `outdoor_space`, `private_room`, `parking_place`, `smoking_area`) VALUES (18255654, 1, 0, 1, 0, 1, 0);
INSERT INTO `restaurants`.`facilities` (`restaurant_id`, `bar`, `indoor_space`, `outdoor_space`, `private_room`, `parking_place`, `smoking_area`) VALUES (6308205, 0, 1, 1, 1, 1, 0);
INSERT INTO `restaurants`.`facilities` (`restaurant_id`, `bar`, `indoor_space`, `outdoor_space`, `private_room`, `parking_place`, `smoking_area`) VALUES (6315438, 1, 1, 1, 1, 0, 1);
INSERT INTO `restaurants`.`facilities` (`restaurant_id`, `bar`, `indoor_space`, `outdoor_space`, `private_room`, `parking_place`, `smoking_area`) VALUES (6310406, 1, 1, 1, 0, 0, 0);
INSERT INTO `restaurants`.`facilities` (`restaurant_id`, `bar`, `indoor_space`, `outdoor_space`, `private_room`, `parking_place`, `smoking_area`) VALUES (6600681, 0, 0, 1, 0, 0, 0);
INSERT INTO `restaurants`.`facilities` (`restaurant_id`, `bar`, `indoor_space`, `outdoor_space`, `private_room`, `parking_place`, `smoking_area`) VALUES (6601005, 1, 1, 0, 0, 1, 1);
INSERT INTO `restaurants`.`facilities` (`restaurant_id`, `bar`, `indoor_space`, `outdoor_space`, `private_room`, `parking_place`, `smoking_area`) VALUES (6600292, 0, 0, 1, 0, 0, 0);
INSERT INTO `restaurants`.`facilities` (`restaurant_id`, `bar`, `indoor_space`, `outdoor_space`, `private_room`, `parking_place`, `smoking_area`) VALUES (6600441, 1, 1, 1, 0, 1, 0);
INSERT INTO `restaurants`.`facilities` (`restaurant_id`, `bar`, `indoor_space`, `outdoor_space`, `private_room`, `parking_place`, `smoking_area`) VALUES (6600970, 1, 0, 0, 0, 1, 0);
INSERT INTO `restaurants`.`facilities` (`restaurant_id`, `bar`, `indoor_space`, `outdoor_space`, `private_room`, `parking_place`, `smoking_area`) VALUES (6600379, 0, 0, 1, 1, 0, 1);
INSERT INTO `restaurants`.`facilities` (`restaurant_id`, `bar`, `indoor_space`, `outdoor_space`, `private_room`, `parking_place`, `smoking_area`) VALUES (6600214, 1, 0, 0, 0, 1, 0);
INSERT INTO `restaurants`.`facilities` (`restaurant_id`, `bar`, `indoor_space`, `outdoor_space`, `private_room`, `parking_place`, `smoking_area`) VALUES (6601218, 0, 1, 1, 0, 0, 1);
INSERT INTO `restaurants`.`facilities` (`restaurant_id`, `bar`, `indoor_space`, `outdoor_space`, `private_room`, `parking_place`, `smoking_area`) VALUES (6600060, 0, 1, 0, 1, 0, 1);
INSERT INTO `restaurants`.`facilities` (`restaurant_id`, `bar`, `indoor_space`, `outdoor_space`, `private_room`, `parking_place`, `smoking_area`) VALUES (6600083, 1, 1, 0, 1, 0, 1);
INSERT INTO `restaurants`.`facilities` (`restaurant_id`, `bar`, `indoor_space`, `outdoor_space`, `private_room`, `parking_place`, `smoking_area`) VALUES (6601515, 0, 1, 0, 1, 1, 1);
INSERT INTO `restaurants`.`facilities` (`restaurant_id`, `bar`, `indoor_space`, `outdoor_space`, `private_room`, `parking_place`, `smoking_area`) VALUES (6601361, 0, 0, 0, 0, 1, 1);
INSERT INTO `restaurants`.`facilities` (`restaurant_id`, `bar`, `indoor_space`, `outdoor_space`, `private_room`, `parking_place`, `smoking_area`) VALUES (6601602, 1, 1, 1, 0, 0, 1);
INSERT INTO `restaurants`.`facilities` (`restaurant_id`, `bar`, `indoor_space`, `outdoor_space`, `private_room`, `parking_place`, `smoking_area`) VALUES (6601589, 0, 0, 0, 1, 1, 0);
INSERT INTO `restaurants`.`facilities` (`restaurant_id`, `bar`, `indoor_space`, `outdoor_space`, `private_room`, `parking_place`, `smoking_area`) VALUES (6601862, 1, 0, 0, 0, 1, 1);
INSERT INTO `restaurants`.`facilities` (`restaurant_id`, `bar`, `indoor_space`, `outdoor_space`, `private_room`, `parking_place`, `smoking_area`) VALUES (6601595, 1, 1, 1, 0, 0, 0);
INSERT INTO `restaurants`.`facilities` (`restaurant_id`, `bar`, `indoor_space`, `outdoor_space`, `private_room`, `parking_place`, `smoking_area`) VALUES (6601158, 1, 0, 0, 1, 0, 0);
INSERT INTO `restaurants`.`facilities` (`restaurant_id`, `bar`, `indoor_space`, `outdoor_space`, `private_room`, `parking_place`, `smoking_area`) VALUES (6600427, 1, 1, 1, 0, 0, 0);
INSERT INTO `restaurants`.`facilities` (`restaurant_id`, `bar`, `indoor_space`, `outdoor_space`, `private_room`, `parking_place`, `smoking_area`) VALUES (6600116, 1, 1, 1, 1, 1, 1);
INSERT INTO `restaurants`.`facilities` (`restaurant_id`, `bar`, `indoor_space`, `outdoor_space`, `private_room`, `parking_place`, `smoking_area`) VALUES (6601457, 1, 1, 0, 1, 1, 1);
INSERT INTO `restaurants`.`facilities` (`restaurant_id`, `bar`, `indoor_space`, `outdoor_space`, `private_room`, `parking_place`, `smoking_area`) VALUES (7303219, 0, 1, 0, 0, 1, 1);
INSERT INTO `restaurants`.`facilities` (`restaurant_id`, `bar`, `indoor_space`, `outdoor_space`, `private_room`, `parking_place`, `smoking_area`) VALUES (7304307, 1, 1, 1, 1, 1, 0);
INSERT INTO `restaurants`.`facilities` (`restaurant_id`, `bar`, `indoor_space`, `outdoor_space`, `private_room`, `parking_place`, `smoking_area`) VALUES (7301215, 1, 1, 1, 0, 0, 1);
INSERT INTO `restaurants`.`facilities` (`restaurant_id`, `bar`, `indoor_space`, `outdoor_space`, `private_room`, `parking_place`, `smoking_area`) VALUES (7300596, 0, 1, 1, 1, 0, 0);
INSERT INTO `restaurants`.`facilities` (`restaurant_id`, `bar`, `indoor_space`, `outdoor_space`, `private_room`, `parking_place`, `smoking_area`) VALUES (7300612, 0, 1, 1, 1, 0, 1);
INSERT INTO `restaurants`.`facilities` (`restaurant_id`, `bar`, `indoor_space`, `outdoor_space`, `private_room`, `parking_place`, `smoking_area`) VALUES (7300704, 1, 0, 1, 1, 1, 0);
INSERT INTO `restaurants`.`facilities` (`restaurant_id`, `bar`, `indoor_space`, `outdoor_space`, `private_room`, `parking_place`, `smoking_area`) VALUES (7300955, 0, 1, 0, 0, 1, 1);
INSERT INTO `restaurants`.`facilities` (`restaurant_id`, `bar`, `indoor_space`, `outdoor_space`, `private_room`, `parking_place`, `smoking_area`) VALUES (7300521, 0, 1, 1, 0, 0, 1);
INSERT INTO `restaurants`.`facilities` (`restaurant_id`, `bar`, `indoor_space`, `outdoor_space`, `private_room`, `parking_place`, `smoking_area`) VALUES (7300515, 1, 0, 1, 0, 1, 0);
# 51 records

#
# Dumping data for table 'food'
#

INSERT INTO `restaurants`.`food` (`name`, `price`) VALUES ('Crazy Cake', 20);
INSERT INTO `restaurants`.`food` (`name`, `price`) VALUES ('Fresh Apple Cake', 8);
INSERT INTO `restaurants`.`food` (`name`, `price`) VALUES ('Fresh Pear Cake', 30);
INSERT INTO `restaurants`.`food` (`name`, `price`) VALUES ('Graham Cracker Cake', 9);
INSERT INTO `restaurants`.`food` (`name`, `price`) VALUES ('Hot Water Chocolate Cake', 53);
INSERT INTO `restaurants`.`food` (`name`, `price`) VALUES ('Hungry Bear Cheese Cake', 10);
INSERT INTO `restaurants`.`food` (`name`, `price`) VALUES ('Lemon Poppy Cake', 20);
INSERT INTO `restaurants`.`food` (`name`, `price`) VALUES ('Light Old Fashioned Fruit Cake', 10);
INSERT INTO `restaurants`.`food` (`name`, `price`) VALUES ('My Best Gingerbread', 44);
INSERT INTO `restaurants`.`food` (`name`, `price`) VALUES ('Oatmeal Cake', 19);
INSERT INTO `restaurants`.`food` (`name`, `price`) VALUES ('Orange Angel Food Cake', 52);
INSERT INTO `restaurants`.`food` (`name`, `price`) VALUES ('Orange-Poppy Seed Pound Cake', 5);
INSERT INTO `restaurants`.`food` (`name`, `price`) VALUES ('Pineapple Cake', 21);
INSERT INTO `restaurants`.`food` (`name`, `price`) VALUES ('Pineapple-Carrot Cake*', 48);
INSERT INTO `restaurants`.`food` (`name`, `price`) VALUES ('Potatoe Cake', 25);
INSERT INTO `restaurants`.`food` (`name`, `price`) VALUES ('Pumpkin Swirl Cheesecake', 37);
INSERT INTO `restaurants`.`food` (`name`, `price`) VALUES ('Refrigerator Cheesecake', 44);
INSERT INTO `restaurants`.`food` (`name`, `price`) VALUES ('Sherry Wine Cake', 11);
INSERT INTO `restaurants`.`food` (`name`, `price`) VALUES ('Special Prune Cake*', 11);
INSERT INTO `restaurants`.`food` (`name`, `price`) VALUES ('Spicy Fruit and Nut Cake*', 36);
INSERT INTO `restaurants`.`food` (`name`, `price`) VALUES ('Strawberry Spice Loaf', 30);
INSERT INTO `restaurants`.`food` (`name`, `price`) VALUES ('Three Layer Chocolate Mayonnaise Cake', 8);
INSERT INTO `restaurants`.`food` (`name`, `price`) VALUES ('Two Layer Chocolate Mayonnaise Cake', 49);
INSERT INTO `restaurants`.`food` (`name`, `price`) VALUES ('Upside Down Cake', 40);
INSERT INTO `restaurants`.`food` (`name`, `price`) VALUES ('Blue Chip Cookies', 24);
INSERT INTO `restaurants`.`food` (`name`, `price`) VALUES ('Bourbon Balls', 40);
INSERT INTO `restaurants`.`food` (`name`, `price`) VALUES ('Egg McMuffin', 47);
INSERT INTO `restaurants`.`food` (`name`, `price`) VALUES ('Egg White Delight', 24);
INSERT INTO `restaurants`.`food` (`name`, `price`) VALUES ('Sausage McMuffin', 36);
INSERT INTO `restaurants`.`food` (`name`, `price`) VALUES ('Sausage McMuffin with Egg', 47);
INSERT INTO `restaurants`.`food` (`name`, `price`) VALUES ('Sausage McMuffin with Egg Whites', 22);
INSERT INTO `restaurants`.`food` (`name`, `price`) VALUES ('Steak & Egg McMuffin', 22);
INSERT INTO `restaurants`.`food` (`name`, `price`) VALUES ('Bacon, Egg & Cheese Biscuit (Regular Biscuit)', 34);
INSERT INTO `restaurants`.`food` (`name`, `price`) VALUES ('Bacon, Egg & Cheese Biscuit (Large Biscuit)', 45);
INSERT INTO `restaurants`.`food` (`name`, `price`) VALUES ('Bacon, Egg & Cheese Biscuit with Egg Whites (Regular Biscuit)', 41);
INSERT INTO `restaurants`.`food` (`name`, `price`) VALUES ('Bacon, Egg & Cheese Biscuit with Egg Whites (Large Biscuit)', 8);
INSERT INTO `restaurants`.`food` (`name`, `price`) VALUES ('Sausage Biscuit (Regular Biscuit)', 32);
INSERT INTO `restaurants`.`food` (`name`, `price`) VALUES ('Sausage Biscuit (Large Biscuit)', 38);
INSERT INTO `restaurants`.`food` (`name`, `price`) VALUES ('Sausage Biscuit with Egg (Regular Biscuit)', 27);
INSERT INTO `restaurants`.`food` (`name`, `price`) VALUES ('Sausage Biscuit with Egg (Large Biscuit)', 34);
INSERT INTO `restaurants`.`food` (`name`, `price`) VALUES ('Sausage Biscuit with Egg Whites (Regular Biscuit)', 22);
INSERT INTO `restaurants`.`food` (`name`, `price`) VALUES ('Double Quarter Pounder with Cheese', 20);
INSERT INTO `restaurants`.`food` (`name`, `price`) VALUES ('Hamburger', 51);
INSERT INTO `restaurants`.`food` (`name`, `price`) VALUES ('Cheeseburger', 10);
INSERT INTO `restaurants`.`food` (`name`, `price`) VALUES ('Double Cheeseburger', 16);
INSERT INTO `restaurants`.`food` (`name`, `price`) VALUES ('Premium McWrap Southwest Chicken (Grilled Chicken)', 43);
INSERT INTO `restaurants`.`food` (`name`, `price`) VALUES ('Premium McWrap Chicken Sweet Chili (Crispy Chicken)', 39);
INSERT INTO `restaurants`.`food` (`name`, `price`) VALUES ('Premium McWrap Chicken Sweet Chili (Grilled Chicken)', 52);
INSERT INTO `restaurants`.`food` (`name`, `price`) VALUES ('Apple Slices', 55);
INSERT INTO `restaurants`.`food` (`name`, `price`) VALUES ('Fruit \'n Yogurt Parfait', 7);
INSERT INTO `restaurants`.`food` (`name`, `price`) VALUES ('Baked Apple Pie', 34);
INSERT INTO `restaurants`.`food` (`name`, `price`) VALUES ('Regular Iced Coffee (Medium)', 25);
INSERT INTO `restaurants`.`food` (`name`, `price`) VALUES ('Regular Iced Coffee (Large)', 47);
INSERT INTO `restaurants`.`food` (`name`, `price`) VALUES ('Caramel Iced Coffee (Small)', 15);
INSERT INTO `restaurants`.`food` (`name`, `price`) VALUES ('Nonfat Latte (Small)', 11);
INSERT INTO `restaurants`.`food` (`name`, `price`) VALUES ('Nonfat Latte (Medium)', 32);
INSERT INTO `restaurants`.`food` (`name`, `price`) VALUES ('Nonfat Latte (Large)', 5);
INSERT INTO `restaurants`.`food` (`name`, `price`) VALUES ('Nonfat Caramel Latte (Small)', 25);
INSERT INTO `restaurants`.`food` (`name`, `price`) VALUES ('Nonfat Caramel Latte (Medium)', 30);
INSERT INTO `restaurants`.`food` (`name`, `price`) VALUES ('Nonfat Caramel Latte (Large)', 21);
INSERT INTO `restaurants`.`food` (`name`, `price`) VALUES ('Nonfat Hazelnut Latte (Small)', 29);
INSERT INTO `restaurants`.`food` (`name`, `price`) VALUES ('Nonfat Hazelnut Latte (Medium)', 17);
INSERT INTO `restaurants`.`food` (`name`, `price`) VALUES ('Nonfat Hazelnut Latte (Large)', 21);
INSERT INTO `restaurants`.`food` (`name`, `price`) VALUES ('Nonfat French Vanilla Latte (Small)', 47);
INSERT INTO `restaurants`.`food` (`name`, `price`) VALUES ('Nonfat French Vanilla Latte (Medium)', 40);
INSERT INTO `restaurants`.`food` (`name`, `price`) VALUES ('Nonfat French Vanilla Latte (Large)', 14);
INSERT INTO `restaurants`.`food` (`name`, `price`) VALUES ('Nonfat Latte with Sugar Free French Vanilla Syrup (Small)', 45);
INSERT INTO `restaurants`.`food` (`name`, `price`) VALUES ('Nonfat Latte with Sugar Free French Vanilla Syrup (Medium)', 6);
INSERT INTO `restaurants`.`food` (`name`, `price`) VALUES ('Nonfat Latte with Sugar Free French Vanilla Syrup (Large)', 5);
INSERT INTO `restaurants`.`food` (`name`, `price`) VALUES ('Mocha (Small)', 34);
INSERT INTO `restaurants`.`food` (`name`, `price`) VALUES ('Mocha (Medium)', 10);
INSERT INTO `restaurants`.`food` (`name`, `price`) VALUES ('Mocha (Large)', 28);
INSERT INTO `restaurants`.`food` (`name`, `price`) VALUES ('Mocha with Nonfat Milk (Small)', 43);
INSERT INTO `restaurants`.`food` (`name`, `price`) VALUES ('Mocha with Nonfat Milk (Medium)', 25);
INSERT INTO `restaurants`.`food` (`name`, `price`) VALUES ('Mocha with Nonfat Milk (Large)', 52);
INSERT INTO `restaurants`.`food` (`name`, `price`) VALUES ('Mango Pineapple Smoothie (Medium)', 8);
INSERT INTO `restaurants`.`food` (`name`, `price`) VALUES ('Mango Pineapple Smoothie (Large)', 36);
INSERT INTO `restaurants`.`food` (`name`, `price`) VALUES ('Vanilla Shake (Small)', 46);
INSERT INTO `restaurants`.`food` (`name`, `price`) VALUES ('Vanilla Shake (Medium)', 23);
INSERT INTO `restaurants`.`food` (`name`, `price`) VALUES ('Vanilla Shake (Large)', 31);
INSERT INTO `restaurants`.`food` (`name`, `price`) VALUES ('Strawberry Shake (Small)', 20);
INSERT INTO `restaurants`.`food` (`name`, `price`) VALUES ('Strawberry Shake (Medium)', 36);
INSERT INTO `restaurants`.`food` (`name`, `price`) VALUES ('Strawberry Shake (Large)', 37);
INSERT INTO `restaurants`.`food` (`name`, `price`) VALUES ('Chocolate Shake (Small)', 7);
INSERT INTO `restaurants`.`food` (`name`, `price`) VALUES ('Chocolate Shake (Medium)', 32);
INSERT INTO `restaurants`.`food` (`name`, `price`) VALUES ('Chocolate Shake (Large)', 46);
INSERT INTO `restaurants`.`food` (`name`, `price`) VALUES ('Shamrock Shake (Medium)', 49);
INSERT INTO `restaurants`.`food` (`name`, `price`) VALUES ('Premium Bacon Ranch Salad (without Chicken)', 44);
INSERT INTO `restaurants`.`food` (`name`, `price`) VALUES ('Premium Bacon Ranch Salad with Crispy Chicken', 11);
INSERT INTO `restaurants`.`food` (`name`, `price`) VALUES ('Premium Bacon Ranch Salad with Grilled Chicken', 27);
INSERT INTO `restaurants`.`food` (`name`, `price`) VALUES ('Premium Southwest Salad (without Chicken)', 40);
INSERT INTO `restaurants`.`food` (`name`, `price`) VALUES ('Premium Southwest Salad with Crispy Chicken', 45);
INSERT INTO `restaurants`.`food` (`name`, `price`) VALUES ('Premium Southwest Salad with Grilled Chicken', 18);
INSERT INTO `restaurants`.`food` (`name`, `price`) VALUES ('Big Breakfast (Regular Biscuit)', 38);
INSERT INTO `restaurants`.`food` (`name`, `price`) VALUES ('Big Breakfast (Large Biscuit)', 29);
INSERT INTO `restaurants`.`food` (`name`, `price`) VALUES ('Quarter Pounder with Cheese', 42);
INSERT INTO `restaurants`.`food` (`name`, `price`) VALUES ('Quarter Pounder with Bacon & Cheese', 15);
INSERT INTO `restaurants`.`food` (`name`, `price`) VALUES ('Quarter Pounder with Bacon Habanero Ranch', 10);
INSERT INTO `restaurants`.`food` (`name`, `price`) VALUES ('Quarter Pounder Deluxe', 27);
INSERT INTO `restaurants`.`food` (`name`, `price`) VALUES ('Kids French Fries', 11);
INSERT INTO `restaurants`.`food` (`name`, `price`) VALUES ('Southern Style Crispy Chicken Sandwich', 41);
INSERT INTO `restaurants`.`food` (`name`, `price`) VALUES ('McChicken', 10);
INSERT INTO `restaurants`.`food` (`name`, `price`) VALUES ('Bacon Cheddar McChicken', 40);
INSERT INTO `restaurants`.`food` (`name`, `price`) VALUES ('Bacon Buffalo Ranch McChicken', 36);
INSERT INTO `restaurants`.`food` (`name`, `price`) VALUES ('Buffalo Ranch McChicken', '29');
INSERT INTO `restaurants`.`food` (`name`, `price`) VALUES ('Chipotle BBQ Snack Wrap (Crispy Chicken)', 23);
INSERT INTO `restaurants`.`food` (`name`, `price`) VALUES ('Chipotle BBQ Snack Wrap (Grilled Chicken)', 30);
INSERT INTO `restaurants`.`food` (`name`, `price`) VALUES ('Honey Mustard Snack Wrap (Crispy Chicken)', 33);
INSERT INTO `restaurants`.`food` (`name`, `price`) VALUES ('Honey Mustard Snack Wrap (Grilled Chicken)', 28);
INSERT INTO `restaurants`.`food` (`name`, `price`) VALUES ('Ranch Snack Wrap (Crispy Chicken)', 12);
INSERT INTO `restaurants`.`food` (`name`, `price`) VALUES ('Ranch Snack Wrap (Grilled Chicken)', 20);
# 111 records

#
# Dumping data for table 'menu'
#

INSERT INTO `restaurants`.`menu` (`id`, `food_name_1`, `food_name_2`, `food_name_3`, `food_name_4`, `food_name_5`, `food_name_6`, `food_name_7`, `food_name_8`, `food_name_9`) VALUES (93484, 'Graham Cracker Cake', 'Sherry Wine Cake', 'Three Layer Chocolate Mayonnaise Cake', 'Hamburger', 'Premium McWrap Chicken Sweet Chili (Grilled Chicken)', 'Baked Apple Pie', 'Caramel Iced Coffee (Small)', 'Sausage Biscuit (Large Biscuit)', 'Sausage McMuffin with Egg Whites');
INSERT INTO `restaurants`.`menu` (`id`, `food_name_1`, `food_name_2`, `food_name_3`, `food_name_4`, `food_name_5`, `food_name_6`, `food_name_7`, `food_name_8`, `food_name_9`) VALUES (11077, 'Double Quarter Pounder with Cheese', 'Double Cheeseburger', 'Premium McWrap Chicken Sweet Chili (Crispy Chicken)', 'Premium McWrap Chicken Sweet Chili (Grilled Chicken)', 'Premium McWrap Southwest Chicken (Grilled Chicken)', 'Apple Slices', 'Regular Iced Coffee (Large)', 'Regular Iced Coffee (Medium)', 'Caramel Iced Coffee (Small)');
INSERT INTO `restaurants`.`menu` (`id`, `food_name_1`, `food_name_2`, `food_name_3`, `food_name_4`, `food_name_5`, `food_name_6`, `food_name_7`, `food_name_8`, `food_name_9`) VALUES (51721, 'Orange-Poppy Seed Pound Cake', 'Pumpkin Swirl Cheesecake', 'Ranch Snack Wrap (Crispy Chicken)', 'Egg McMuffin', 'Pineapple-Carrot Cake*', 'Sausage McMuffin', 'Sausage McMuffin with Egg', 'Sausage McMuffin with Egg Whites', 'Steak & Egg McMuffin');
INSERT INTO `restaurants`.`menu` (`id`, `food_name_1`, `food_name_2`, `food_name_3`, `food_name_4`, `food_name_5`, `food_name_6`, `food_name_7`, `food_name_8`, `food_name_9`) VALUES (72313, 'Bacon, Egg & Cheese Biscuit (Regular Biscuit)', 'Bacon, Egg & Cheese Biscuit (Large Biscuit)', 'Ranch Snack Wrap (Grilled Chicken)', 'Bacon, Egg & Cheese Biscuit with Egg Whites (Large Biscuit)', 'Sausage Biscuit (Regular Biscuit)', 'Sausage Biscuit with Egg Whites (Regular Biscuit)', 'Double Quarter Pounder with Cheese', 'Double Cheeseburger', 'Cheeseburger');
INSERT INTO `restaurants`.`menu` (`id`, `food_name_1`, `food_name_2`, `food_name_3`, `food_name_4`, `food_name_5`, `food_name_6`, `food_name_7`, `food_name_8`, `food_name_9`) VALUES (40879, 'Sausage Biscuit (Regular Biscuit)', 'Fresh Pear Cake', 'Nonfat Caramel Latte (Medium)', 'Strawberry Shake (Medium)', 'Baked Apple Pie', 'Vanilla Shake (Large)', 'Nonfat Latte with Sugar Free French Vanilla Syrup (Small)', 'Hamburger', 'Nonfat Hazelnut Latte (Large)');
INSERT INTO `restaurants`.`menu` (`id`, `food_name_1`, `food_name_2`, `food_name_3`, `food_name_4`, `food_name_5`, `food_name_6`, `food_name_7`, `food_name_8`, `food_name_9`) VALUES (99391, 'Sausage Biscuit (Large Biscuit)', 'Graham Cracker Cake', 'Nonfat Caramel Latte (Large)', 'Premium Southwest Salad (without Chicken)', 'Regular Iced Coffee (Medium)', 'Strawberry Shake (Small)', 'Vanilla Shake (Large)', 'Cheeseburger', 'Ranch Snack Wrap (Crispy Chicken)');
INSERT INTO `restaurants`.`menu` (`id`, `food_name_1`, `food_name_2`, `food_name_3`, `food_name_4`, `food_name_5`, `food_name_6`, `food_name_7`, `food_name_8`, `food_name_9`) VALUES (71973, 'Sausage Biscuit with Egg (Regular Biscuit)', 'Hot Water Chocolate Cake', 'Nonfat Hazelnut Latte (Small)', 'Premium Southwest Salad with Crispy Chicken', 'Regular Iced Coffee (Large)', 'Strawberry Shake (Medium)', 'Ranch Snack Wrap (Crispy Chicken)', 'Steak & Egg McMuffin', 'Ranch Snack Wrap (Grilled Chicken)');
INSERT INTO `restaurants`.`menu` (`id`, `food_name_1`, `food_name_2`, `food_name_3`, `food_name_4`, `food_name_5`, `food_name_6`, `food_name_7`, `food_name_8`, `food_name_9`) VALUES (77468, 'Sausage Biscuit with Egg (Large Biscuit)', 'Chipotle BBQ Snack Wrap (Grilled Chicken)', 'Nonfat Hazelnut Latte (Medium)', 'Chocolate Shake (Medium)', 'Baked Apple Pie', 'Strawberry Shake (Large)', 'Ranch Snack Wrap (Grilled Chicken)', 'Fresh Pear Cake', 'Hot Water Chocolate Cake');
INSERT INTO `restaurants`.`menu` (`id`, `food_name_1`, `food_name_2`, `food_name_3`, `food_name_4`, `food_name_5`, `food_name_6`, `food_name_7`, `food_name_8`, `food_name_9`) VALUES (20672, 'Sausage Biscuit with Egg Whites (Regular Biscuit)', 'Honey Mustard Snack Wrap (Crispy Chicken)', 'Nonfat French Vanilla Latte (Large)', 'Chocolate Shake (Large)', 'Regular Iced Coffee (Medium)', 'Hamburger', 'Strawberry Shake (Large)', 'Graham Cracker Cake', 'Hungry Bear Cheese Cake');
INSERT INTO `restaurants`.`menu` (`id`, `food_name_1`, `food_name_2`, `food_name_3`, `food_name_4`, `food_name_5`, `food_name_6`, `food_name_7`, `food_name_8`, `food_name_9`) VALUES (54623, 'Double Quarter Pounder with Cheese', 'Light Old Fashioned Fruit Cake', 'Nonfat Latte with Sugar Free French Vanilla Syrup (Small)', 'Ranch Snack Wrap (Crispy Chicken)', 'Regular Iced Coffee (Large)', 'Kids French Fries', 'Bourbon Balls', 'Hot Water Chocolate Cake', 'Ranch Snack Wrap (Crispy Chicken)');
INSERT INTO `restaurants`.`menu` (`id`, `food_name_1`, `food_name_2`, `food_name_3`, `food_name_4`, `food_name_5`, `food_name_6`, `food_name_7`, `food_name_8`, `food_name_9`) VALUES (10813, 'Hamburger', 'My Best Gingerbread', 'Nonfat Latte with Sugar Free French Vanilla Syrup (Medium)', 'Ranch Snack Wrap (Grilled Chicken)', 'Hamburger', 'Southern Style Crispy Chicken Sandwich', 'Fresh Pear Cake', 'Hungry Bear Cheese Cake', 'Ranch Snack Wrap (Grilled Chicken)');
INSERT INTO `restaurants`.`menu` (`id`, `food_name_1`, `food_name_2`, `food_name_3`, `food_name_4`, `food_name_5`, `food_name_6`, `food_name_7`, `food_name_8`, `food_name_9`) VALUES (99255, 'Cheeseburger', 'Nonfat Caramel Latte (Medium)', 'Nonfat Latte with Sugar Free French Vanilla Syrup (Large)', 'Regular Iced Coffee (Medium)', 'Cheeseburger', 'Sausage McMuffin with Egg', 'Graham Cracker Cake', 'Bourbon Balls', 'Strawberry Shake (Small)');
INSERT INTO `restaurants`.`menu` (`id`, `food_name_1`, `food_name_2`, `food_name_3`, `food_name_4`, `food_name_5`, `food_name_6`, `food_name_7`, `food_name_8`, `food_name_9`) VALUES (38707, 'Double Cheeseburger', 'Nonfat Caramel Latte (Large)', 'Mocha (Small)', 'Regular Iced Coffee (Large)', 'Pineapple-Carrot Cake*', 'Sausage McMuffin with Egg Whites', 'Hot Water Chocolate Cake', 'Egg White Delight', 'Strawberry Shake (Medium)');
INSERT INTO `restaurants`.`menu` (`id`, `food_name_1`, `food_name_2`, `food_name_3`, `food_name_4`, `food_name_5`, `food_name_6`, `food_name_7`, `food_name_8`, `food_name_9`) VALUES (16267, 'Premium McWrap Southwest Chicken (Grilled Chicken)', 'Baked Apple Pie', 'Mocha (Medium)', 'Chocolate Shake (Medium)', 'Potatoe Cake', 'Hamburger', 'Quarter Pounder with Cheese', 'Sausage McMuffin', 'Strawberry Shake (Large)');
INSERT INTO `restaurants`.`menu` (`id`, `food_name_1`, `food_name_2`, `food_name_3`, `food_name_4`, `food_name_5`, `food_name_6`, `food_name_7`, `food_name_8`, `food_name_9`) VALUES (77649, 'Premium McWrap Chicken Sweet Chili (Crispy Chicken)', 'Regular Iced Coffee (Medium)', 'Mocha (Large)', 'Chocolate Shake (Large)', 'Ranch Snack Wrap (Crispy Chicken)', 'Fresh Pear Cake', 'Quarter Pounder with Bacon & Cheese', 'Sausage McMuffin with Egg', 'Fruit \'n Yogurt Parfait');
INSERT INTO `restaurants`.`menu` (`id`, `food_name_1`, `food_name_2`, `food_name_3`, `food_name_4`, `food_name_5`, `food_name_6`, `food_name_7`, `food_name_8`, `food_name_9`) VALUES (84318, 'Premium McWrap Chicken Sweet Chili (Grilled Chicken)', 'Quarter Pounder with Cheese', 'Mocha with Nonfat Milk (Small)', 'Shamrock Shake (Medium)', 'Ranch Snack Wrap (Grilled Chicken)', 'Graham Cracker Cake', 'Quarter Pounder with Bacon Habanero Ranch', 'Sausage McMuffin with Egg Whites', 'Baked Apple Pie');
INSERT INTO `restaurants`.`menu` (`id`, `food_name_1`, `food_name_2`, `food_name_3`, `food_name_4`, `food_name_5`, `food_name_6`, `food_name_7`, `food_name_8`, `food_name_9`) VALUES (74841, 'Strawberry Spice Loaf', 'Quarter Pounder with Bacon & Cheese', 'Mocha with Nonfat Milk (Medium)', 'Egg White Delight', 'Sherry Wine Cake', 'Hot Water Chocolate Cake', 'Nonfat Latte (Large)', 'Bourbon Balls', 'Upside Down Cake');
INSERT INTO `restaurants`.`menu` (`id`, `food_name_1`, `food_name_2`, `food_name_3`, `food_name_4`, `food_name_5`, `food_name_6`, `food_name_7`, `food_name_8`, `food_name_9`) VALUES (83901, 'Three Layer Chocolate Mayonnaise Cake', 'Quarter Pounder with Bacon Habanero Ranch', 'Mocha with Nonfat Milk (Large)', 'Sausage McMuffin', 'Special Prune Cake*', 'Quarter Pounder with Cheese', 'Upside Down Cake', 'Bourbon Balls', 'Fresh Pear Cake');
INSERT INTO `restaurants`.`menu` (`id`, `food_name_1`, `food_name_2`, `food_name_3`, `food_name_4`, `food_name_5`, `food_name_6`, `food_name_7`, `food_name_8`, `food_name_9`) VALUES (80114, 'Two Layer Chocolate Mayonnaise Cake', 'Quarter Pounder Deluxe', 'Mango Pineapple Smoothie (Medium)', 'Sausage McMuffin with Egg', 'Spicy Fruit and Nut Cake*', 'Quarter Pounder with Bacon & Cheese', 'Fruit \'n Yogurt Parfait', 'Nonfat Hazelnut Latte (Medium)', 'Graham Cracker Cake');
INSERT INTO `restaurants`.`menu` (`id`, `food_name_1`, `food_name_2`, `food_name_3`, `food_name_4`, `food_name_5`, `food_name_6`, `food_name_7`, `food_name_8`, `food_name_9`) VALUES (27023, 'Upside Down Cake', 'Kids French Fries', 'Mango Pineapple Smoothie (Large)', 'Sausage McMuffin with Egg Whites', 'Vanilla Shake (Large)', 'Quarter Pounder with Bacon Habanero Ranch', 'Baked Apple Pie', 'Quarter Pounder with Cheese', 'Premium Southwest Salad with Crispy Chicken');
INSERT INTO `restaurants`.`menu` (`id`, `food_name_1`, `food_name_2`, `food_name_3`, `food_name_4`, `food_name_5`, `food_name_6`, `food_name_7`, `food_name_8`, `food_name_9`) VALUES (10912, 'Ranch Snack Wrap (Crispy Chicken)', 'Southern Style Crispy Chicken Sandwich', 'Vanilla Shake (Small)', 'Egg McMuffin', 'Strawberry Shake (Small)', 'Caramel Iced Coffee (Small)', 'Nonfat Hazelnut Latte (Medium)', 'Quarter Pounder with Bacon & Cheese', 'Premium Southwest Salad with Grilled Chicken');
INSERT INTO `restaurants`.`menu` (`id`, `food_name_1`, `food_name_2`, `food_name_3`, `food_name_4`, `food_name_5`, `food_name_6`, `food_name_7`, `food_name_8`, `food_name_9`) VALUES (59840, 'Ranch Snack Wrap (Grilled Chicken)', 'Hot Water Chocolate Cake', 'Vanilla Shake (Medium)', 'Pineapple-Carrot Cake*', 'Strawberry Shake (Medium)', 'Nonfat Latte (Small)', 'Shamrock Shake (Medium)', 'Quarter Pounder with Bacon Habanero Ranch', 'Nonfat Caramel Latte (Small)');
INSERT INTO `restaurants`.`menu` (`id`, `food_name_1`, `food_name_2`, `food_name_3`, `food_name_4`, `food_name_5`, `food_name_6`, `food_name_7`, `food_name_8`, `food_name_9`) VALUES (61303, 'Egg McMuffin', 'Hungry Bear Cheese Cake', 'Vanilla Shake (Large)', 'Potatoe Cake', 'Strawberry Shake (Large)', 'Nonfat Latte (Medium)', 'Premium Bacon Ranch Salad (without Chicken)', 'Nonfat Hazelnut Latte (Medium)', 'Nonfat Caramel Latte (Medium)');
INSERT INTO `restaurants`.`menu` (`id`, `food_name_1`, `food_name_2`, `food_name_3`, `food_name_4`, `food_name_5`, `food_name_6`, `food_name_7`, `food_name_8`, `food_name_9`) VALUES (83376, 'Egg White Delight', 'Lemon Poppy Cake', 'Strawberry Shake (Small)', 'Pumpkin Swirl Cheesecake', 'Hamburger', 'Nonfat Latte (Large)', 'Premium Bacon Ranch Salad with Crispy Chicken', 'Nonfat Latte (Small)', 'Nonfat Caramel Latte (Large)');
INSERT INTO `restaurants`.`menu` (`id`, `food_name_1`, `food_name_2`, `food_name_3`, `food_name_4`, `food_name_5`, `food_name_6`, `food_name_7`, `food_name_8`, `food_name_9`) VALUES (24774, 'Premium McWrap Chicken Sweet Chili (Crispy Chicken)', 'Oatmeal Cake', 'Sausage Biscuit with Egg (Large Biscuit)', 'Refrigerator Cheesecake', 'Egg White Delight', 'Nonfat Caramel Latte (Small)', 'Hot Water Chocolate Cake', 'Nonfat Latte (Medium)', 'Fruit \'n Yogurt Parfait');
INSERT INTO `restaurants`.`menu` (`id`, `food_name_1`, `food_name_2`, `food_name_3`, `food_name_4`, `food_name_5`, `food_name_6`, `food_name_7`, `food_name_8`, `food_name_9`) VALUES (73322, 'Premium McWrap Chicken Sweet Chili (Grilled Chicken)', 'Orange Angel Food Cake', 'Sausage Biscuit with Egg Whites (Regular Biscuit)', 'Sherry Wine Cake', 'Sausage McMuffin', 'Nonfat Caramel Latte (Large)', 'Hungry Bear Cheese Cake', 'Nonfat Latte (Large)', 'Baked Apple Pie');
INSERT INTO `restaurants`.`menu` (`id`, `food_name_1`, `food_name_2`, `food_name_3`, `food_name_4`, `food_name_5`, `food_name_6`, `food_name_7`, `food_name_8`, `food_name_9`) VALUES (84690, 'Apple Slices', 'Orange-Poppy Seed Pound Cake', 'Fresh Pear Cake', 'Special Prune Cake*', 'Sausage McMuffin with Egg', 'Pineapple-Carrot Cake*', 'Nonfat French Vanilla Latte (Large)', 'Nonfat Hazelnut Latte (Medium)', 'Vanilla Shake (Large)');
INSERT INTO `restaurants`.`menu` (`id`, `food_name_1`, `food_name_2`, `food_name_3`, `food_name_4`, `food_name_5`, `food_name_6`, `food_name_7`, `food_name_8`, `food_name_9`) VALUES (99121, 'Fruit \'n Yogurt Parfait', 'Two Layer Chocolate Mayonnaise Cake', 'McChicken', 'Spicy Fruit and Nut Cake*', 'Sausage McMuffin with Egg Whites', 'Potatoe Cake', 'Nonfat Latte with Sugar Free French Vanilla Syrup (Small)', 'Egg White Delight', 'Strawberry Shake (Small)');
INSERT INTO `restaurants`.`menu` (`id`, `food_name_1`, `food_name_2`, `food_name_3`, `food_name_4`, `food_name_5`, `food_name_6`, `food_name_7`, `food_name_8`, `food_name_9`) VALUES (47558, 'Baked Apple Pie', 'Upside Down Cake', 'Bacon Cheddar McChicken', 'Hamburger', 'Bacon, Egg & Cheese Biscuit with Egg Whites (Large Biscuit)', 'Pumpkin Swirl Cheesecake', 'Nonfat Latte (Small)', 'Sausage McMuffin', 'Strawberry Shake (Medium)');
INSERT INTO `restaurants`.`menu` (`id`, `food_name_1`, `food_name_2`, `food_name_3`, `food_name_4`, `food_name_5`, `food_name_6`, `food_name_7`, `food_name_8`, `food_name_9`) VALUES (92318, 'Fresh Apple Cake', 'Blue Chip Cookies', 'Bacon Buffalo Ranch McChicken', 'Bacon, Egg & Cheese Biscuit with Egg Whites (Large Biscuit)', 'Sausage McMuffin with Egg', 'Refrigerator Cheesecake', 'Nonfat Latte (Medium)', 'Sausage McMuffin with Egg', 'Strawberry Shake (Large)');
INSERT INTO `restaurants`.`menu` (`id`, `food_name_1`, `food_name_2`, `food_name_3`, `food_name_4`, `food_name_5`, `food_name_6`, `food_name_7`, `food_name_8`, `food_name_9`) VALUES (20711, 'Fresh Pear Cake', 'Bourbon Balls', 'Sausage Biscuit with Egg (Large Biscuit)', 'Oatmeal Cake', 'Sausage McMuffin with Egg Whites', 'Sherry Wine Cake', 'Nonfat Latte (Large)', 'Sausage McMuffin with Egg Whites', 'Upside Down Cake');
INSERT INTO `restaurants`.`menu` (`id`, `food_name_1`, `food_name_2`, `food_name_3`, `food_name_4`, `food_name_5`, `food_name_6`, `food_name_7`, `food_name_8`, `food_name_9`) VALUES (23577, 'Graham Cracker Cake', 'Egg McMuffin', 'Sausage Biscuit with Egg Whites (Regular Biscuit)', 'Orange Angel Food Cake', 'Steak & Egg McMuffin', 'Special Prune Cake*', 'Mocha (Large)', 'Mango Pineapple Smoothie (Medium)', 'Mocha (Small)');
INSERT INTO `restaurants`.`menu` (`id`, `food_name_1`, `food_name_2`, `food_name_3`, `food_name_4`, `food_name_5`, `food_name_6`, `food_name_7`, `food_name_8`, `food_name_9`) VALUES (68753, 'Hot Water Chocolate Cake', 'Fresh Pear Cake', 'Two Layer Chocolate Mayonnaise Cake', 'Orange-Poppy Seed Pound Cake', 'Bacon, Egg & Cheese Biscuit (Regular Biscuit)', 'Spicy Fruit and Nut Cake*', 'Egg White Delight', 'Mango Pineapple Smoothie (Large)', 'Mocha (Medium)');
INSERT INTO `restaurants`.`menu` (`id`, `food_name_1`, `food_name_2`, `food_name_3`, `food_name_4`, `food_name_5`, `food_name_6`, `food_name_7`, `food_name_8`, `food_name_9`) VALUES (37920, 'Hungry Bear Cheese Cake', 'Graham Cracker Cake', 'Upside Down Cake', 'Regular Iced Coffee (Medium)', 'Bacon, Egg & Cheese Biscuit (Large Biscuit)', 'Cheeseburger', 'Sausage McMuffin', 'Mocha (Small)', 'Mocha (Large)');
INSERT INTO `restaurants`.`menu` (`id`, `food_name_1`, `food_name_2`, `food_name_3`, `food_name_4`, `food_name_5`, `food_name_6`, `food_name_7`, `food_name_8`, `food_name_9`) VALUES (75135, 'McChicken', 'Hot Water Chocolate Cake', 'Blue Chip Cookies', 'Regular Iced Coffee (Large)', 'Bacon, Egg & Cheese Biscuit with Egg Whites (Large Biscuit)', 'Steak & Egg McMuffin', 'Sausage McMuffin with Egg', 'Mocha (Medium)', 'Vanilla Shake (Large)');
INSERT INTO `restaurants`.`menu` (`id`, `food_name_1`, `food_name_2`, `food_name_3`, `food_name_4`, `food_name_5`, `food_name_6`, `food_name_7`, `food_name_8`, `food_name_9`) VALUES (64736, 'Bacon Cheddar McChicken', 'Hungry Bear Cheese Cake', 'Bourbon Balls', 'Caramel Iced Coffee (Small)', 'Pineapple-Carrot Cake*', 'Cheeseburger', 'Sausage McMuffin with Egg Whites', 'Mocha (Large)', 'Kids French Fries');
INSERT INTO `restaurants`.`menu` (`id`, `food_name_1`, `food_name_2`, `food_name_3`, `food_name_4`, `food_name_5`, `food_name_6`, `food_name_7`, `food_name_8`, `food_name_9`) VALUES (96394, 'Bacon Buffalo Ranch McChicken', 'Fresh Pear Cake', 'Chipotle BBQ Snack Wrap (Grilled Chicken)', 'Nonfat Latte (Medium)', 'Potatoe Cake', 'Cheeseburger', 'Steak & Egg McMuffin', 'Spicy Fruit and Nut Cake*', 'Southern Style Crispy Chicken Sandwich');
INSERT INTO `restaurants`.`menu` (`id`, `food_name_1`, `food_name_2`, `food_name_3`, `food_name_4`, `food_name_5`, `food_name_6`, `food_name_7`, `food_name_8`, `food_name_9`) VALUES (65220, 'Nonfat French Vanilla Latte (Medium)', 'Graham Cracker Cake', 'Honey Mustard Snack Wrap (Crispy Chicken)', 'Two Layer Chocolate Mayonnaise Cake', 'Pumpkin Swirl Cheesecake', 'Pineapple Cake', 'Cheeseburger', 'Strawberry Spice Loaf', 'Strawberry Shake (Large)');
INSERT INTO `restaurants`.`menu` (`id`, `food_name_1`, `food_name_2`, `food_name_3`, `food_name_4`, `food_name_5`, `food_name_6`, `food_name_7`, `food_name_8`, `food_name_9`) VALUES (94003, 'Nonfat French Vanilla Latte (Large)', 'Hot Water Chocolate Cake', 'Honey Mustard Snack Wrap (Grilled Chicken)', 'Upside Down Cake', 'Refrigerator Cheesecake', 'Pineapple-Carrot Cake*', 'Nonfat Hazelnut Latte (Medium)', 'Cheeseburger', 'Chocolate Shake (Small)');
INSERT INTO `restaurants`.`menu` (`id`, `food_name_1`, `food_name_2`, `food_name_3`, `food_name_4`, `food_name_5`, `food_name_6`, `food_name_7`, `food_name_8`, `food_name_9`) VALUES (85598, 'Nonfat Latte with Sugar Free French Vanilla Syrup (Small)', 'Hungry Bear Cheese Cake', 'Hot Water Chocolate Cake', 'Blue Chip Cookies', 'Sherry Wine Cake', 'Pineapple-Carrot Cake*', 'Chocolate Shake (Small)', 'Nonfat Hazelnut Latte (Medium)', 'Chocolate Shake (Medium)');
INSERT INTO `restaurants`.`menu` (`id`, `food_name_1`, `food_name_2`, `food_name_3`, `food_name_4`, `food_name_5`, `food_name_6`, `food_name_7`, `food_name_8`, `food_name_9`) VALUES (57394, 'Mocha with Nonfat Milk (Small)', 'Lemon Poppy Cake', 'Hungry Bear Cheese Cake', 'Bourbon Balls', 'Special Prune Cake*', 'Potatoe Cake', 'Chocolate Shake (Medium)', 'Pineapple-Carrot Cake*', 'Nonfat Hazelnut Latte (Medium)');
INSERT INTO `restaurants`.`menu` (`id`, `food_name_1`, `food_name_2`, `food_name_3`, `food_name_4`, `food_name_5`, `food_name_6`, `food_name_7`, `food_name_8`, `food_name_9`) VALUES (87527, 'Mocha with Nonfat Milk (Medium)', 'Fresh Pear Cake', 'Bacon, Egg & Cheese Biscuit with Egg Whites (Regular Biscuit)', 'Egg McMuffin', 'Chipotle BBQ Snack Wrap (Grilled Chicken)', 'Pumpkin Swirl Cheesecake', 'Nonfat Hazelnut Latte (Medium)', 'Potatoe Cake', 'Potatoe Cake');
INSERT INTO `restaurants`.`menu` (`id`, `food_name_1`, `food_name_2`, `food_name_3`, `food_name_4`, `food_name_5`, `food_name_6`, `food_name_7`, `food_name_8`, `food_name_9`) VALUES (75201, 'Mocha with Nonfat Milk (Large)', 'Graham Cracker Cake', 'Bacon, Egg & Cheese Biscuit with Egg Whites (Regular Biscuit)', 'Hot Water Chocolate Cake', 'Honey Mustard Snack Wrap (Crispy Chicken)', 'Refrigerator Cheesecake', 'Chocolate Shake (Small)', 'Pumpkin Swirl Cheesecake', 'Pumpkin Swirl Cheesecake');
INSERT INTO `restaurants`.`menu` (`id`, `food_name_1`, `food_name_2`, `food_name_3`, `food_name_4`, `food_name_5`, `food_name_6`, `food_name_7`, `food_name_8`, `food_name_9`) VALUES (85488, 'Mango Pineapple Smoothie (Medium)', 'Hot Water Chocolate Cake', 'Ranch Snack Wrap (Crispy Chicken)', 'Hungry Bear Cheese Cake', 'Honey Mustard Snack Wrap (Grilled Chicken)', 'Sherry Wine Cake', 'Chocolate Shake (Medium)', 'Refrigerator Cheesecake', 'Pineapple-Carrot Cake*');
INSERT INTO `restaurants`.`menu` (`id`, `food_name_1`, `food_name_2`, `food_name_3`, `food_name_4`, `food_name_5`, `food_name_6`, `food_name_7`, `food_name_8`, `food_name_9`) VALUES (23923, 'Mango Pineapple Smoothie (Large)', 'Hungry Bear Cheese Cake', 'Ranch Snack Wrap (Grilled Chicken)', 'Light Old Fashioned Fruit Cake', 'Blue Chip Cookies', 'Special Prune Cake*', 'Nonfat Hazelnut Latte (Medium)', 'Sherry Wine Cake', 'Potatoe Cake');
INSERT INTO `restaurants`.`menu` (`id`, `food_name_1`, `food_name_2`, `food_name_3`, `food_name_4`, `food_name_5`, `food_name_6`, `food_name_7`, `food_name_8`, `food_name_9`) VALUES (61467, 'Strawberry Shake (Small)', 'Fresh Pear Cake', 'Hot Water Chocolate Cake', 'Egg White Delight', 'Bourbon Balls', 'Spicy Fruit and Nut Cake*', 'Steak & Egg McMuffin', 'Special Prune Cake*', 'Pumpkin Swirl Cheesecake');
INSERT INTO `restaurants`.`menu` (`id`, `food_name_1`, `food_name_2`, `food_name_3`, `food_name_4`, `food_name_5`, `food_name_6`, `food_name_7`, `food_name_8`, `food_name_9`) VALUES (89271, 'Strawberry Shake (Medium)', 'Graham Cracker Cake', 'Hungry Bear Cheese Cake', 'Sausage McMuffin', 'Egg McMuffin', 'Three Layer Chocolate Mayonnaise Cake', 'Nonfat Hazelnut Latte (Medium)', 'Spicy Fruit and Nut Cake*', 'Refrigerator Cheesecake');
INSERT INTO `restaurants`.`menu` (`id`, `food_name_1`, `food_name_2`, `food_name_3`, `food_name_4`, `food_name_5`, `food_name_6`, `food_name_7`, `food_name_8`, `food_name_9`) VALUES (40271, 'Strawberry Shake (Large)', 'Hot Water Chocolate Cake', 'Egg White Delight', 'Sausage McMuffin with Egg', 'Three Layer Chocolate Mayonnaise Cake', 'Two Layer Chocolate Mayonnaise Cake', 'Steak & Egg McMuffin', 'Ranch Snack Wrap (Crispy Chicken)', 'Sherry Wine Cake');
INSERT INTO `restaurants`.`menu` (`id`, `food_name_1`, `food_name_2`, `food_name_3`, `food_name_4`, `food_name_5`, `food_name_6`, `food_name_7`, `food_name_8`, `food_name_9`) VALUES (66138, 'Chocolate Shake (Small)', 'Hungry Bear Cheese Cake', 'Sausage McMuffin', 'Sausage McMuffin with Egg Whites', 'Two Layer Chocolate Mayonnaise Cake', 'Blue Chip Cookies', 'Steak & Egg McMuffin', 'Ranch Snack Wrap (Grilled Chicken)', 'Special Prune Cake*');
INSERT INTO `restaurants`.`menu` (`id`, `food_name_1`, `food_name_2`, `food_name_3`, `food_name_4`, `food_name_5`, `food_name_6`, `food_name_7`, `food_name_8`, `food_name_9`) VALUES (97601, 'Shamrock Shake (Medium)', 'Orange Angel Food Cake', 'Sausage McMuffin with Egg', 'Blue Chip Cookies', 'Hamburger', 'Cheeseburger', 'Steak & Egg McMuffin', 'Nonfat Caramel Latte (Large)', 'Spicy Fruit and Nut Cake*');
# 51 records

#
# Dumping data for table 'review'
#

INSERT INTO `restaurants`.`review` (`id`, `customer_id`, `restaurant_id`, `content`, `rating`, `date_created`, `date_modified`) VALUES (119, 8807695, 7300515, 'Waitress was very friendly but a little pricey for a diner but the food was delicious', 4.5, '2007-01-07', '2007-01-07');
INSERT INTO `restaurants`.`review` (`id`, `customer_id`, `restaurant_id`, `content`, `rating`, `date_created`, `date_modified`) VALUES (130, 11303767, 6308205, 'The ambience and service were also good, and the staff were courteous.', 4.5, '2007-01-25', '2007-01-25');
INSERT INTO `restaurants`.`review` (`id`, `customer_id`, `restaurant_id`, `content`, `rating`, `date_created`, `date_modified`) VALUES (160, 55898624, 6300781, 'Overall a very nice experience, go and enjoy!!!', 4.2, '2007-05-13', '2007-05-13');
INSERT INTO `restaurants`.`review` (`id`, `customer_id`, `restaurant_id`, `content`, `rating`, `date_created`, `date_modified`) VALUES (243, 16782433, 6318506, 'Just awesome taste and good service', 4.8, '2007-09-12', '2007-09-12');
INSERT INTO `restaurants`.`review` (`id`, `customer_id`, `restaurant_id`, `content`, `rating`, `date_created`, `date_modified`) VALUES (276, 8659274, 6318433, 'Ambience: It\'s better at night. Friends who had been here during the day didn\'t like it much. So if you prefer ambience, go at night!', 4.9, '2007-10-19', '2007-10-19');
INSERT INTO `restaurants`.`review` (`id`, `customer_id`, `restaurant_id`, `content`, `rating`, `date_created`, `date_modified`) VALUES (297, 7958072, 6318213, 'The food was just average. Dishes were not prepared well, at least when compared to 4.1 rating on Zomato.', 3.9, '2007-11-02', '2007-11-02');
INSERT INTO `restaurants`.`review` (`id`, `customer_id`, `restaurant_id`, `content`, `rating`, `date_created`, `date_modified`) VALUES (425, 13166162, 6600292, 'Good place for a sate brunch. One can also chill with friends and or parents.', 4.9, '2007-12-05', '2007-12-05');
INSERT INTO `restaurants`.`review` (`id`, `customer_id`, `restaurant_id`, `content`, `rating`, `date_created`, `date_modified`) VALUES (434, 8151369, 6300002, 'Not too bad', 3.5, '2007-12-18', '2007-12-18');
INSERT INTO `restaurants`.`review` (`id`, `customer_id`, `restaurant_id`, `content`, `rating`, `date_created`, `date_modified`) VALUES (489, 6473133, 6309455, 'Next time visiting again soon with my friends', 4.3, '2008-01-24', '2008-01-24');
INSERT INTO `restaurants`.`review` (`id`, `customer_id`, `restaurant_id`, `content`, `rating`, `date_created`, `date_modified`) VALUES (493, 13429576, 6601595, 'Good customer service, they know our drinks and food before we can order that\'s the amount of customisation this place offers.', 4.0, '2008-02-07', '2008-02-07');
INSERT INTO `restaurants`.`review` (`id`, `customer_id`, `restaurant_id`, `content`, `rating`, `date_created`, `date_modified`) VALUES (494, 7842050, 6600427, 'Taste is good but the best part is presentation,,, it\'s really meeting the standard of a 5 star restaurant .', 5.0, '2008-03-03', '2008-03-03');
INSERT INTO `restaurants`.`review` (`id`, `customer_id`, `restaurant_id`, `content`, `rating`, `date_created`, `date_modified`) VALUES (509, 8516023, 6310470, 'The staff were too slow in service and the food was refilles very slow.We had to wait for quite long time to actually eat to stomach full.', 3.3, '2008-06-08', '2008-06-08');
INSERT INTO `restaurants`.`review` (`id`, `customer_id`, `restaurant_id`, `content`, `rating`, `date_created`, `date_modified`) VALUES (543, 9618779, 6600214, 'Chairs and tables were broken food is cold and tasteless', 1.0, '2008-08-26', '2008-08-26');
INSERT INTO `restaurants`.`review` (`id`, `customer_id`, `restaurant_id`, `content`, `rating`, `date_created`, `date_modified`) VALUES (554, 7842050, 7304307, 'Overall a 5 star place, for dates, friend\'s gathering, reunions and a lot more.', 5.0, '2008-09-20', '2008-09-20');
INSERT INTO `restaurants`.`review` (`id`, `customer_id`, `restaurant_id`, `content`, `rating`, `date_created`, `date_modified`) VALUES (599, 11350336, 6600060, 'Service is very good and so i am happy', 4.8, '2008-09-21', '2008-09-21');
INSERT INTO `restaurants`.`review` (`id`, `customer_id`, `restaurant_id`, `content`, `rating`, `date_created`, `date_modified`) VALUES (603, 14916476, 6600214, 'Overall one will enjoy the ambiance and food. Better to have a reservation during weekends.', 4.7, '2008-10-31', '2008-10-31');
INSERT INTO `restaurants`.`review` (`id`, `customer_id`, `restaurant_id`, `content`, `rating`, `date_created`, `date_modified`) VALUES (605, 14323797, 6600427, 'Better ambience at night... And importantly good quantity!', 4.6, '2008-11-22', '2008-11-22');
INSERT INTO `restaurants`.`review` (`id`, `customer_id`, `restaurant_id`, `content`, `rating`, `date_created`, `date_modified`) VALUES (635, 14323797, 18185059, 'The food had great flavours, brilliantly cooked juicy prawns and the coconut sambol like side just tingle your taste buds. The southern fish fry and masala fried prawns are a delight! Great lighting and courteous staff.', 4.7, '2008-11-26', '2008-11-26');
INSERT INTO `restaurants`.`review` (`id`, `customer_id`, `restaurant_id`, `content`, `rating`, `date_created`, `date_modified`) VALUES (641, 11024162, 6315438, 'Ambience was good too with live music. Food was served timely. Decor of the restaurant was amazing as well.', 4.5, '2008-11-28', '2008-11-28');
INSERT INTO `restaurants`.`review` (`id`, `customer_id`, `restaurant_id`, `content`, `rating`, `date_created`, `date_modified`) VALUES (642, 61134526, 6601361, 'I cannot stress enough on how I have loved all that I tried here. I have also tried out their lunch buffet. The variety may not be as elaborate as other places, but with the food quality and the discount that they offer for bulk bookings, it is at least a one-time try. But what I really adore here is their mocktails. Beyond Delight is an absolute delight! Also a fan of the Guava and Chilli, and Apple and Kiwi Night drinks.', 5.0, '2008-12-11', '2008-12-11');
INSERT INTO `restaurants`.`review` (`id`, `customer_id`, `restaurant_id`, `content`, `rating`, `date_created`, `date_modified`) VALUES (645, 6446070, 6600060, 'The taste was ok and not to expect too much. Little disappointing when starters are not hot.', 3.6, '2008-12-24', '2008-12-24');
INSERT INTO `restaurants`.`review` (`id`, `customer_id`, `restaurant_id`, `content`, `rating`, `date_created`, `date_modified`) VALUES (661, 8151369, 18182702, 'Big surprise for me is Onion rings as starters', 4.0, '2009-01-19', '2009-01-19');
INSERT INTO `restaurants`.`review` (`id`, `customer_id`, `restaurant_id`, `content`, `rating`, `date_created`, `date_modified`) VALUES (717, 29946427, 6304287, 'For the money we pay, we expect some good food. They use much of colour in food item\'s.', 3.0, '2009-01-25', '2009-01-25');
INSERT INTO `restaurants`.`review` (`id`, `customer_id`, `restaurant_id`, `content`, `rating`, `date_created`, `date_modified`) VALUES (727, 61134526, 6601361, 'Suggestion to management is use less coating and less food colouring in starters.', 3.4, '2009-02-25', '2009-02-25');
INSERT INTO `restaurants`.`review` (`id`, `customer_id`, `restaurant_id`, `content`, `rating`, `date_created`, `date_modified`) VALUES (747, 7488578, 7300521, 'Overerall experience is ok, but they can be much better for the amount you pay', 3.9, '2009-08-01', '2009-08-01');
INSERT INTO `restaurants`.`review` (`id`, `customer_id`, `restaurant_id`, `content`, `rating`, `date_created`, `date_modified`) VALUES (758, 7251577, 6317637, 'I would specially recommend their soups, the healthy broth soup and the roasted chicken soup are amazing.', 4.4, '2009-08-22', '2009-08-22');
INSERT INTO `restaurants`.`review` (`id`, `customer_id`, `restaurant_id`, `content`, `rating`, `date_created`, `date_modified`) VALUES (827, 6446070, 6600083, 'Food is really great...', 5.0, '2009-11-08', '2009-11-08');
INSERT INTO `restaurants`.`review` (`id`, `customer_id`, `restaurant_id`, `content`, `rating`, `date_created`, `date_modified`) VALUES (842, 8284823, 7300515, 'Terrible', 0.0, '2010-04-27', '2010-04-27');
INSERT INTO `restaurants`.`review` (`id`, `customer_id`, `restaurant_id`, `content`, `rating`, `date_created`, `date_modified`) VALUES (844, 7089849, 6300010, 'Nice experience', 4.3, '2010-07-05', '2010-07-05');
INSERT INTO `restaurants`.`review` (`id`, `customer_id`, `restaurant_id`, `content`, `rating`, `date_created`, `date_modified`) VALUES (856, 10170794, 6600083, 'Good food', 4.2, '2010-09-16', '2010-09-16');
INSERT INTO `restaurants`.`review` (`id`, `customer_id`, `restaurant_id`, `content`, `rating`, `date_created`, `date_modified`) VALUES (867, 24517684, 6310470, 'Totally felt disappointed by taste but customer service was good.', 3.8, '2010-09-19', '2010-09-19');
INSERT INTO `restaurants`.`review` (`id`, `customer_id`, `restaurant_id`, `content`, `rating`, `date_created`, `date_modified`) VALUES (880, 7469320, 7300521, 'There were many items on list but taste was not so good.', 3.5, '2011-02-22', '2013-07-30');
INSERT INTO `restaurants`.`review` (`id`, `customer_id`, `restaurant_id`, `content`, `rating`, `date_created`, `date_modified`) VALUES (894, 7958072, 6601218, 'Place was good for starters and mocktails.', 4.4, '2011-03-26', '2019-08-21');
INSERT INTO `restaurants`.`review` (`id`, `customer_id`, `restaurant_id`, `content`, `rating`, `date_created`, `date_modified`) VALUES (909, 29946427, 6309903, 'Not good', 1.2, '2011-04-04', '2015-09-24');
INSERT INTO `restaurants`.`review` (`id`, `customer_id`, `restaurant_id`, `content`, `rating`, `date_created`, `date_modified`) VALUES (916, 8516339, 6304287, 'Everything was superb.', 1.5, '2011-04-13', '2018-09-20');
INSERT INTO `restaurants`.`review` (`id`, `customer_id`, `restaurant_id`, `content`, `rating`, `date_created`, `date_modified`) VALUES (922, 6866610, 6301290, 'This is one of the finest in New York City! Perfect to gather with family and loved ones. Excellent food and excellent attentions. Its become my favorite!!! Loved everything!', 5.0, '2011-04-28', '2014-11-11');
INSERT INTO `restaurants`.`review` (`id`, `customer_id`, `restaurant_id`, `content`, `rating`, `date_created`, `date_modified`) VALUES (929, 11350336, 6601158, 'Good pasta. Good Price. Good service. Highly recommended to eat an Italian food in NYC. Obviously, the place is a fast food restaurant but honest and healthy.', 4.6, '2011-11-21', '2013-11-03');
INSERT INTO `restaurants`.`review` (`id`, `customer_id`, `restaurant_id`, `content`, `rating`, `date_created`, `date_modified`) VALUES (973, 7251577, 6600379, 'Amazing food, service impeccable.  Beautiful Art Neouv  setting.  Tables properly distanced from one to another.  Well to see that it was filled with people of all ages: Young, middle aged and elderly.  Very low noise level, and we could actually have a conversation.', 4.1, '2011-12-31', '2017-11-20');
INSERT INTO `restaurants`.`review` (`id`, `customer_id`, `restaurant_id`, `content`, `rating`, `date_created`, `date_modified`) VALUES (976, 7251577, 18185059, 'The food was absolutely amazing and the service was incredible. Linda was our server, and was incredibly sweet and helpful with getting us our food and was very welcoming in general. The tomato caprese was the best I have ever had.', 5.0, '2012-01-04', '2013-07-22');
INSERT INTO `restaurants`.`review` (`id`, `customer_id`, `restaurant_id`, `content`, `rating`, `date_created`, `date_modified`) VALUES (1005, 7902269, 6601602, 'Hmm ok ?', 3.3, '2012-01-30', '2013-11-06');
INSERT INTO `restaurants`.`review` (`id`, `customer_id`, `restaurant_id`, `content`, `rating`, `date_created`, `date_modified`) VALUES (1028, 14763733, 18189371, 'It has to be in our list definitely', 5.0, '2012-02-04', '2017-02-07');
INSERT INTO `restaurants`.`review` (`id`, `customer_id`, `restaurant_id`, `content`, `rating`, `date_created`, `date_modified`) VALUES (1033, 8630833, 6600379, 'The service is good and the staff is courteous too.', 4.3, '2012-02-05', '2015-03-30');
INSERT INTO `restaurants`.`review` (`id`, `customer_id`, `restaurant_id`, `content`, `rating`, `date_created`, `date_modified`) VALUES (1035, 9618779, 6600379, 'There are some exotic food that is a must try thing at flechazo like prawn orange shots', 4.8, '2012-04-10', '2018-11-27');
INSERT INTO `restaurants`.`review` (`id`, `customer_id`, `restaurant_id`, `content`, `rating`, `date_created`, `date_modified`) VALUES (1050, 10170794, 7303219, 'Love coming to this place again and again and again !', 5.0, '2012-05-01', '2017-05-20');
INSERT INTO `restaurants`.`review` (`id`, `customer_id`, `restaurant_id`, `content`, `rating`, `date_created`, `date_modified`) VALUES (1054, 55898624, 6300010, 'Would like to visit again.', 4.5, '2012-05-14', '2013-01-25');
INSERT INTO `restaurants`.`review` (`id`, `customer_id`, `restaurant_id`, `content`, `rating`, `date_created`, `date_modified`) VALUES (1060, 11024162, 6318506, 'Love the place', 5.0, '2012-06-11', '2018-04-22');
INSERT INTO `restaurants`.`review` (`id`, `customer_id`, `restaurant_id`, `content`, `rating`, `date_created`, `date_modified`) VALUES (1061, 6624899, 6304287, 'Service is excellent', 4.7, '2012-06-17', '2019-02-25');
INSERT INTO `restaurants`.`review` (`id`, `customer_id`, `restaurant_id`, `content`, `rating`, `date_created`, `date_modified`) VALUES (1100, 8807695, 6601595, 'Me and some friends visited here for dinner and we were served by Suzanna. The food was amazing and we all enjoyed ourselves. We would all definitely be visiting again!', 4.9, '2012-07-02', '2018-10-22');
INSERT INTO `restaurants`.`review` (`id`, `customer_id`, `restaurant_id`, `content`, `rating`, `date_created`, `date_modified`) VALUES (1126, 11024162, 6314302, 'The quality sets it apart from its competition. It is guaranteed that you will get the same excellent quality of food everytime', 5.0, '2012-07-27', '2013-08-05');
INSERT INTO `restaurants`.`review` (`id`, `customer_id`, `restaurant_id`, `content`, `rating`, `date_created`, `date_modified`) VALUES (1131, 6878245, 6300781, 'I suggest everyone not to order any food from this restaurant', 0.0, '2012-08-02', '2015-11-06');
INSERT INTO `restaurants`.`review` (`id`, `customer_id`, `restaurant_id`, `content`, `rating`, `date_created`, `date_modified`) VALUES (1149, 8516023, 6318213, 'The food was good i had a salami and mozarella with basalmic vinegar on a long roll. The only vet i have is I would have preferred they use gloves. But they are old school.', 3.1, '2012-08-28', '2017-11-17');
INSERT INTO `restaurants`.`review` (`id`, `customer_id`, `restaurant_id`, `content`, `rating`, `date_created`, `date_modified`) VALUES (1209, 13429576, 6310470, 'Definitely don\'t go here if you have allergies. Not only do they have cross contamination but then the manager argued with us as my friends throat was closing denying it was the restaurant and blaming it on her! Talk about adding insult to injury! RUDE!', 0.0, '2013-01-14', '2014-04-27');
INSERT INTO `restaurants`.`review` (`id`, `customer_id`, `restaurant_id`, `content`, `rating`, `date_created`, `date_modified`) VALUES (1212, 11372603, 6318213, 'Meal was amazing - over generous portions with an innovative selection of cocktails to select from. Outdoor dining was well spaced out and indoor dining had partitions as well. Service was very fast - special shout out to our amazing server Michele! Will be coming again', 5.0, '2013-01-19', '2018-06-24');
INSERT INTO `restaurants`.`review` (`id`, `customer_id`, `restaurant_id`, `content`, `rating`, `date_created`, `date_modified`) VALUES (1281, 6624899, 6601218, 'Been here a bunch of times and it\'s a nice addition to the neighborhood. They don\'t serve liquor which makes it an interesting place but the taps and beer selection are very good.', 4.8, '2013-02-09', '2019-01-13');
INSERT INTO `restaurants`.`review` (`id`, `customer_id`, `restaurant_id`, `content`, `rating`, `date_created`, `date_modified`) VALUES (1308, 6916349, 7300515, 'Food is great but I don\'t understand why they can accept only 4 credit cards per table. Me and my 11 group of friends needed to start looking for an atm to pay for the food at 11 pm.', 0.2, '2013-08-07', '2017-01-13');
INSERT INTO `restaurants`.`review` (`id`, `customer_id`, `restaurant_id`, `content`, `rating`, `date_created`, `date_modified`) VALUES (1364, 7902269, 6601515, 'As authentic as it gets! The space is tiny and crowded, but if you can handle that-get ready for some amazing home-made pasta! Definitely will return.', 3.7, '2013-10-22', '2014-07-08');
INSERT INTO `restaurants`.`review` (`id`, `customer_id`, `restaurant_id`, `content`, `rating`, `date_created`, `date_modified`) VALUES (1439, 11024162, 7300955, 'Superb little find. My partner and I went for valentines night. Arancini to start and beef carpaccio. Absolutely superb.', 4.2, '2013-10-31', '2019-03-27');
INSERT INTO `restaurants`.`review` (`id`, `customer_id`, `restaurant_id`, `content`, `rating`, `date_created`, `date_modified`) VALUES (1469, 10170794, 18185059, 'For mains wild boar ravioli and my partner had shrimp pasta. Cooked to perfection. The staff are attentive. Do not be put off how small this...', 4.6, '2013-12-31', '2016-03-01');
INSERT INTO `restaurants`.`review` (`id`, `customer_id`, `restaurant_id`, `content`, `rating`, `date_created`, `date_modified`) VALUES (1478, 14916476, 6600060, 'What a find! Stumbled across this place on our travels to another restaurant. Decided to stop in and ended up returning twice. The food is beautiful, especially the pasta and lasagne! All so fresh, made to order and quick service!', 4.8, '2014-04-19', '2016-09-07');
INSERT INTO `restaurants`.`review` (`id`, `customer_id`, `restaurant_id`, `content`, `rating`, `date_created`, `date_modified`) VALUES (1498, 6940030, 6600379, 'We visited this restaurant a few days after having a fantastic experience at their east 53rd st restaurant, and unfortunately it was a very different experience.', 3.2, '2014-06-03', '2017-10-30');
INSERT INTO `restaurants`.`review` (`id`, `customer_id`, `restaurant_id`, `content`, `rating`, `date_created`, `date_modified`) VALUES (1502, 16782433, 6600214, 'My wife and I wanted to give this place  a try based on TA reviews and the desire for some homemade pasta. The place is small which was okay; however, the table was real small and it seemed like everything was being squeezed to make more space', 2.5, '2014-08-22', '2017-10-19');
INSERT INTO `restaurants`.`review` (`id`, `customer_id`, `restaurant_id`, `content`, `rating`, `date_created`, `date_modified`) VALUES (1574, 55898624, 6310470, 'I don\'t know where all these reviews are coming from, but got some take out tonight, and it is easily the worse thai food I have ever had!', 1.1, '2014-08-23', '2018-12-10');
INSERT INTO `restaurants`.`review` (`id`, `customer_id`, `restaurant_id`, `content`, `rating`, `date_created`, `date_modified`) VALUES (1630, 14763733, 6304287, 'Very good. Small little place, maybe 34 seats or so in the restaurant. Food was great. Very nice friendly service. We came early for our reservation and they seated us. We would come again!', 4.9, '2014-10-04', '2018-07-09');
INSERT INTO `restaurants`.`review` (`id`, `customer_id`, `restaurant_id`, `content`, `rating`, `date_created`, `date_modified`) VALUES (1674, 11024162, 6310406, 'I\'m a usual customer here due to good food at reasonable prices. However, we are puzzled and dismayed by the way we were treated this evening!!', 0.6, '2014-11-14', '2018-08-29');
INSERT INTO `restaurants`.`review` (`id`, `customer_id`, `restaurant_id`, `content`, `rating`, `date_created`, `date_modified`) VALUES (1690, 12163978, 6601862, 'We were very exciting to try this restaurant. The ambiance is beautiful and the service is phenomenal. However, I found the food to be just average. We got the 7 course tasting, and we didn\'t care for most of the dishes.', 2.7, '2014-11-20', '2018-12-30');
INSERT INTO `restaurants`.`review` (`id`, `customer_id`, `restaurant_id`, `content`, `rating`, `date_created`, `date_modified`) VALUES (1721, 13429576, 6601005, 'We waited nearly an hour between starter and main. When main arrived, fillet steak was overly charred and dry. Asked for a peppercorn sauce to relieve the challenge of swallowing dry meat, but unfortunately took 10 minutes to arrive. Steak fries A bit over-done.', 2.6, '2015-01-06', '2017-06-07');
INSERT INTO `restaurants`.`review` (`id`, `customer_id`, `restaurant_id`, `content`, `rating`, `date_created`, `date_modified`) VALUES (1730, 9618779, 6600427, 'The food and drinks were great! Definitely recommend! Our food came really quick & we were pleased! They were friendly and made it a great experience overall', 4.5, '2015-02-06', '2016-09-25');
INSERT INTO `restaurants`.`review` (`id`, `customer_id`, `restaurant_id`, `content`, `rating`, `date_created`, `date_modified`) VALUES (1891, 7902269, 18189371, 'This is a really fancy place and probably fancier than you would expect just looking from the outside.', 4.0, '2015-03-29', '2019-03-25');
INSERT INTO `restaurants`.`review` (`id`, `customer_id`, `restaurant_id`, `content`, `rating`, `date_created`, `date_modified`) VALUES (1953, 61134526, 7301215, 'Nice fresh ingredients, authentically cooked - the service was as good as was the draught beer', 4.3, '2015-04-19', '2017-05-16');
INSERT INTO `restaurants`.`review` (`id`, `customer_id`, `restaurant_id`, `content`, `rating`, `date_created`, `date_modified`) VALUES (2074, 45652154, 6601218, 'Based on Tripadvisor, went to look for this place. Even though I was specifically looking for this, I walked straight passed it, as it is in a basement, somewhat different from what I expected and not immediately visible from the street.', 4.6, '2015-04-21', '2016-06-29');
INSERT INTO `restaurants`.`review` (`id`, `customer_id`, `restaurant_id`, `content`, `rating`, `date_created`, `date_modified`) VALUES (2087, 8516023, 6601457, 'The cozy ambience, large size of the steaks, and wonderful service would have made for a great evening. Sadly, my ribeye had poor texture, was very dry, not very tender.', 2.5, '2015-06-09', '2019-04-17');
INSERT INTO `restaurants`.`review` (`id`, `customer_id`, `restaurant_id`, `content`, `rating`, `date_created`, `date_modified`) VALUES (2103, 6866610, 6300002, 'Went because of the great reviews but we must have hit a bad night. The good news....beautiful atmosphere, nice staff. NYC restaurants being shut down the day after our dinner may have been a factor, but it is no excuse.', 2.1, '2015-06-20', '2017-05-29');
INSERT INTO `restaurants`.`review` (`id`, `customer_id`, `restaurant_id`, `content`, `rating`, `date_created`, `date_modified`) VALUES (2170, 6473133, 7301215, 'Had a filet mignon with a California red. The term was excellent. Service was great and very attention to detail.', 5.0, '2015-07-21', '2018-11-25');
INSERT INTO `restaurants`.`review` (`id`, `customer_id`, `restaurant_id`, `content`, `rating`, `date_created`, `date_modified`) VALUES (2194, 61134526, 6601602, 'I\'ve been to this restaurant twice now and both times was served tasty food. Something I wouldn\'t recommend would be the lamb rogan gosh. It was dry and the sauce wasn\'t nice at all. I do recommend the chicken lollipops and the General Toast chicken...', 3.5, '2015-10-08', '2019-03-17');
INSERT INTO `restaurants`.`review` (`id`, `customer_id`, `restaurant_id`, `content`, `rating`, `date_created`, `date_modified`) VALUES (2268, 14793356, 6600441, 'I found Spice Symphony by researching restaurants on Trip Advisor and it was a great find! Everything we had here was delicious. The portions are just right and everything was seasoned well without being overdone. I would definitely return on my next visit to New York.', 4.6, '2015-11-13', '2018-01-22');
INSERT INTO `restaurants`.`review` (`id`, `customer_id`, `restaurant_id`, `content`, `rating`, `date_created`, `date_modified`) VALUES (2392, 7958072, 6318506, 'You can smell the delicious beef broth before you see the sign for Mei jin ramen. The spicy beef ramen is incredibly savory and really worth a try. The atmosphere is friendly and the wait staff is very sweet and attentive.', 4.4, '2016-02-12', '2017-07-21');
INSERT INTO `restaurants`.`review` (`id`, `customer_id`, `restaurant_id`, `content`, `rating`, `date_created`, `date_modified`) VALUES (2457, 10026181, 6601218, 'Place is very nice and efficient service! There are an extensive sake menu that you can buy by the glass or by the bottle.', 4.1, '2016-02-13', '2016-09-09');
INSERT INTO `restaurants`.`review` (`id`, `customer_id`, `restaurant_id`, `content`, `rating`, `date_created`, `date_modified`) VALUES (2547, 6916349, 6318433, 'Have always wanted to try Daniel after friends raved about it. Personally, I found the entire experience distinctly average.', 1.9, '2016-02-17', '2016-12-20');
INSERT INTO `restaurants`.`review` (`id`, `customer_id`, `restaurant_id`, `content`, `rating`, `date_created`, `date_modified`) VALUES (2581, 9757245, 7303219, 'Came here on a Tuesday night and it was busy, but they sat us! The food was incredible and very well priced for the location. Loved the service too! Belle was lovely.', 3.8, '2016-03-19', '2017-02-27');
INSERT INTO `restaurants`.`review` (`id`, `customer_id`, `restaurant_id`, `content`, `rating`, `date_created`, `date_modified`) VALUES (2716, 8516023, 7304307, 'Drinks were amazing. Definitely recommend coming to this spot. They were friendly and made sure i was happy.', 4.5, '2016-04-22', '2018-04-22');
INSERT INTO `restaurants`.`review` (`id`, `customer_id`, `restaurant_id`, `content`, `rating`, `date_created`, `date_modified`) VALUES (2804, 7902269, 7304307, 'Great service, delicious pizza and lovely neighborhood feel. Vegan cheese available and a terrific wine list.', 4.6, '2016-06-04', '2017-10-31');
INSERT INTO `restaurants`.`review` (`id`, `customer_id`, `restaurant_id`, `content`, `rating`, `date_created`, `date_modified`) VALUES (2934, 12091132, 6314302, 'We enjoyed eating out on their back patio on a warm fall afternoon. It was a quiet break from the business out in the city. The pizza was very good and we enjoyed being able to select from several Italian beers.', 4.7, '2016-06-23', '2018-04-21');
INSERT INTO `restaurants`.`review` (`id`, `customer_id`, `restaurant_id`, `content`, `rating`, `date_created`, `date_modified`) VALUES (2955, 14323797, 6601361, 'The overall experience was great. The food excellent and the service outstanding. Yes you pay the price! it\'s not cheap. But the experience is well worth it. Sommelier was spot on with his suggestions.  We had a great time.', 4.9, '2016-07-01', '2016-11-04');
INSERT INTO `restaurants`.`review` (`id`, `customer_id`, `restaurant_id`, `content`, `rating`, `date_created`, `date_modified`) VALUES (2960, 6624899, 6315438, 'From the streetscape facade to the welcoming glow on the staff\'s face, one knows that you are in for a lavish experience. This was a Christmas gift for myself.....and Santa must have thought I was very good boy this year! Each course was divine.', 5.0, '2016-07-03', '2017-12-06');
INSERT INTO `restaurants`.`review` (`id`, `customer_id`, `restaurant_id`, `content`, `rating`, `date_created`, `date_modified`) VALUES (2987, 8659274, 18189371, 'Real nice, tasty, well baked pizza. Nice setting and friendly staff. If we ever visit New York again we sure will come back!', 4.8, '2016-08-07', '2019-05-01');
INSERT INTO `restaurants`.`review` (`id`, `customer_id`, `restaurant_id`, `content`, `rating`, `date_created`, `date_modified`) VALUES (3089, 12047080, 6318213, 'Absolutely great restaurant which is unique thanks to the chefs. we will be happy to come back again.  Thanks to the whole team', 4.5, '2016-09-12', '2019-08-31');
INSERT INTO `restaurants`.`review` (`id`, `customer_id`, `restaurant_id`, `content`, `rating`, `date_created`, `date_modified`) VALUES (3196, 8017245, 6600292, 'This was a great NYC Italian restaurant experience! Check to see if you need reservations, we did even on a Monday evening for an early seating of 4 (early being 6:30 pm).', 5.0, '2016-12-28', '2017-07-20');
INSERT INTO `restaurants`.`review` (`id`, `customer_id`, `restaurant_id`, `content`, `rating`, `date_created`, `date_modified`) VALUES (3223, 10170794, 18182702, 'This had to be one of the best meals I ha eve we had. Every meal we had was excellent. The place in tiny but worth a visit.', 4.6, '2017-02-10', '2017-06-26');
INSERT INTO `restaurants`.`review` (`id`, `customer_id`, `restaurant_id`, `content`, `rating`, `date_created`, `date_modified`) VALUES (3338, 6446070, 6318506, 'We fell in love with this pasta. It was gorgeous! Place is very cozy and staff is also very friendly.', 5.0, '2017-03-11', '2017-07-31');
INSERT INTO `restaurants`.`review` (`id`, `customer_id`, `restaurant_id`, `content`, `rating`, `date_created`, `date_modified`) VALUES (3377, 9757245, 6314605, 'This restaurant was an excellent find! Very cozy atmosphere. The wine and dishes were both outstanding. Our only regret is not finding this place sooner!', 4.6, '2017-03-22', '2018-07-25');
INSERT INTO `restaurants`.`review` (`id`, `customer_id`, `restaurant_id`, `content`, `rating`, `date_created`, `date_modified`) VALUES (3670, 11372603, 6601158, 'Our first time in Soho! Excellent Restaurant. Great Italian White wine selection. We had an octopus salad and a seafood pasta. Very good service and food.', 4.7, '2017-05-04', '2017-09-30');
INSERT INTO `restaurants`.`review` (`id`, `customer_id`, `restaurant_id`, `content`, `rating`, `date_created`, `date_modified`) VALUES (3706, 6916349, 6600379, 'Who thought meatballs or spicy sausages could be plant based. Not only there is passion in creating outstanding diahes, the enthusiasm of the staff is infectious. Try the red lentil penne and beyond sausage, italian hot sausage made with onion, red cabbage and red wine.', 5.0, '2017-07-09', '2018-09-22');
INSERT INTO `restaurants`.`review` (`id`, `customer_id`, `restaurant_id`, `content`, `rating`, `date_created`, `date_modified`) VALUES (3715, 7055991, 6600441, 'This is out favorite indochinese restaurant in the city. Highly recommend their chicken lollipop. Service is always great. Nasir is the best! Highly recommend it', 4.4, '2017-08-06', '2018-02-23');
INSERT INTO `restaurants`.`review` (`id`, `customer_id`, `restaurant_id`, `content`, `rating`, `date_created`, `date_modified`) VALUES (3716, 14763733, 18182702, 'Visited an a rainy Feb day for the fixed price lunch. Several good choices of appetizers, entrees and dessert. Well presented and prepared dishes with complimentary cucumber yogurt salad.', 4.9, '2017-08-11', '2017-12-29');
INSERT INTO `restaurants`.`review` (`id`, `customer_id`, `restaurant_id`, `content`, `rating`, `date_created`, `date_modified`) VALUES (3786, 8516339, 6600060, 'Tried it the first time and will be coming back.  Tried their pizza and it was amazing, a must for workers or visitors in the area.  Staff was very helpful and very nice.  A must , can not wait to try something else.', 5.0, '2018-02-02', '2019-07-04');
INSERT INTO `restaurants`.`review` (`id`, `customer_id`, `restaurant_id`, `content`, `rating`, `date_created`, `date_modified`) VALUES (3790, 10026181, 6310406, 'Nicely located near the Rockefeller, this is great for wheelchair access and service. Pasta was great,  pizza unavailable, but chicken salad was returned.', 3.7, '2018-08-19', '2019-05-23');
INSERT INTO `restaurants`.`review` (`id`, `customer_id`, `restaurant_id`, `content`, `rating`, `date_created`, `date_modified`) VALUES (3822, 11372603, 18185059, 'This is a very good place for breakfast or lunch. You can have a coffee at a decent price or have a lovely Italian lunch at a good price too. We have been there several times and if we go back to New York we will come here again.', 4.6, '2018-09-29', '2019-01-11');
INSERT INTO `restaurants`.`review` (`id`, `customer_id`, `restaurant_id`, `content`, `rating`, `date_created`, `date_modified`) VALUES (4007, 11471765, 6314302, 'Nice salads and pastas. Quick service lunch time even though it looks crazy busy.', 4.2, '2018-11-28', '2019-04-04');
INSERT INTO `restaurants`.`review` (`id`, `customer_id`, `restaurant_id`, `content`, `rating`, `date_created`, `date_modified`) VALUES (4131, 45652154, 6600441, 'Hubby and I are eager to dine outside in NYC, but so many restaurants are not complying with the 6 foot distance between tables. We were very pleased to see that Spice Symphony on 50th St. had good spacing, so we decided to try it.', 4.4, '2019-01-14', '2019-05-28');
INSERT INTO `restaurants`.`review` (`id`, `customer_id`, `restaurant_id`, `content`, `rating`, `date_created`, `date_modified`) VALUES (4153, 7089849, 18182702, 'Worth a stop in for lunch.', 3.8, '2019-04-28', '2019-06-02');
INSERT INTO `restaurants`.`review` (`id`, `customer_id`, `restaurant_id`, `content`, `rating`, `date_created`, `date_modified`) VALUES (4157, 8516023, 6308205, 'What a gem! Roxana was an amazing waitress. The food was amazing and the atmosphere was so happy. Would definitely go back!', 4.6, '2019-08-09', '2019-08-19');
INSERT INTO `restaurants`.`review` (`id`, `customer_id`, `restaurant_id`, `content`, `rating`, `date_created`, `date_modified`) VALUES (4170, 11350336, 6318506, 'The service is mediocre at best.  We waited 45 minutes for a salad appetizer . It looked pathetic , dry, and totally uninspiring . The best part was that I did not get my cutlery for another 15 minutes.', 1.0, '2019-09-23', '2019-10-12');
INSERT INTO `restaurants`.`review` (`id`, `customer_id`, `restaurant_id`, `content`, `rating`, `date_created`, `date_modified`) VALUES (5673, 45652154, 6304287, 'Popped in for a Prix Fixe lunch which is pretty good value at 3 courses for $40. Service from the host was great; though very frantic and a quite rushed from other staff.', 4.5, '2020-01-29', '2020-01-29');
INSERT INTO `restaurants`.`review` (`id`, `customer_id`, `restaurant_id`, `content`, `rating`, `date_created`, `date_modified`) VALUES (6192, 8151369, 6601158, 'Amazing drinks and even better food. i got one of the juiciest and flavorful filet mignons i\'ve ever had! definitely recommend!', 4.7, '2020-02-18', '2020-02-18');
INSERT INTO `restaurants`.`review` (`id`, `customer_id`, `restaurant_id`, `content`, `rating`, `date_created`, `date_modified`) VALUES (7472, 14793356, 6601602, 'Steaks were very good; sides were fine.', 3.5, '2020-02-15', '2020-02-15');
INSERT INTO `restaurants`.`review` (`id`, `customer_id`, `restaurant_id`, `content`, `rating`, `date_created`, `date_modified`) VALUES (8624, 7251577, 18182702, 'We are into a bit different style of pizza. So for us was good but no special. Our guess is from Sardinia and she loved it.', 4.5, '2020-03-10', '2020-03-10');
INSERT INTO `restaurants`.`review` (`id`, `customer_id`, `restaurant_id`, `content`, `rating`, `date_created`, `date_modified`) VALUES (9274, 7902269, 18189371, 'Love the ramen here. Come here for the draft beers. My go to place for friends and ramen. Shishito peppers good here too', 4.2, '2020-04-20', '2020-04-20');
INSERT INTO `restaurants`.`review` (`id`, `customer_id`, `restaurant_id`, `content`, `rating`, `date_created`, `date_modified`) VALUES (9275, 10026181, 6314302, 'My friend recommended meeting here for dinner after work. They have a good happy hour special with a lot of drinks to choose from. Also delicious food:)', 4.5, '2020-04-21', '2020-04-21');
INSERT INTO `restaurants`.`review` (`id`, `customer_id`, `restaurant_id`, `content`, `rating`, `date_created`, `date_modified`) VALUES (9276, 6446070, 6601218, 'Versatile menu, many more options than most ramen places. The staff is also very friendly and accommodating!', 4.3, '2020-04-22', '2020-04-22');
INSERT INTO `restaurants`.`review` (`id`, `customer_id`, `restaurant_id`, `content`, `rating`, `date_created`, `date_modified`) VALUES (9277, 11372603, 6601218, 'From the amazing pork buns to the many ramen options, you can\'t go wrong! Everything on the menu is beyond delicious!', 4.3, '2020-04-23', '2020-04-23');
INSERT INTO `restaurants`.`review` (`id`, `customer_id`, `restaurant_id`, `content`, `rating`, `date_created`, `date_modified`) VALUES (9278, 61134526, 7304307, 'Exquisite chef\'s tasting menu. Well suited for both a business dinner our romantic night out. The wine/liquor pairing is a must. Expensive but worth it.', 4.0, '2020-04-24', '2020-04-24');
INSERT INTO `restaurants`.`review` (`id`, `customer_id`, `restaurant_id`, `content`, `rating`, `date_created`, `date_modified`) VALUES (9279, 14763733, 6300010, 'We had a fantastique dinner here yesterday. The atmosphere is relaxed but still proffessional and the service is personal and you feel at home early. Great wine list but comparing to europe it was a bit expensive on french wines so we had some nice Italian wine', 3.4, '2020-04-25', '2020-04-25');
INSERT INTO `restaurants`.`review` (`id`, `customer_id`, `restaurant_id`, `content`, `rating`, `date_created`, `date_modified`) VALUES (9280, 14916476, 6601361, 'I think this is best Korean restaurant in New York! Asian food ( mostly Korean) mix European serving, so amazing! I will definitely be there again when I am in New York next time.', 5.0, '2020-04-26', '2020-04-26');
INSERT INTO `restaurants`.`review` (`id`, `customer_id`, `restaurant_id`, `content`, `rating`, `date_created`, `date_modified`) VALUES (9281, 7251577, 6304287, 'We very much enjoy Indian Food and are always looking for a restaurant to try. We stopped for lunch only to discover this Spice Symphony was not the same Spice Symphony we had eaten at before.  We were delighted we know we had another option.', 4.5, '2020-04-27', '2020-04-27');
INSERT INTO `restaurants`.`review` (`id`, `customer_id`, `restaurant_id`, `content`, `rating`, `date_created`, `date_modified`) VALUES (9282, 6624899, 6301290, 'This is our favorite restaurant when it comes to Indian food. I take all my friends and relatives here. Excellent food and service.', 4.2, '2020-04-28', '2020-04-28');
INSERT INTO `restaurants`.`review` (`id`, `customer_id`, `restaurant_id`, `content`, `rating`, `date_created`, `date_modified`) VALUES (9283, 8807695, 6601158, 'Great experience; from the outside this restaurant does not look particularly appealing; however, the food was great and very nice and good service. We were a group of four and the restaurant prepared various dishes to try. Also good drinks and good value for money.', 4.4, '2020-04-29', '2020-04-29');
INSERT INTO `restaurants`.`review` (`id`, `customer_id`, `restaurant_id`, `content`, `rating`, `date_created`, `date_modified`) VALUES (9284, 11024162, 6600379, 'This is where I bring all my out of town friends to eat in my Murray Hill neighborhood. Excellent food and service. Friendly staff. Reasonably priced. Good lunch special for about $13/person. Convenient location. Spice Symphony at E.31st Street is in Curry Hill.', 4.7, '2020-04-30', '2020-04-30');
INSERT INTO `restaurants`.`review` (`id`, `customer_id`, `restaurant_id`, `content`, `rating`, `date_created`, `date_modified`) VALUES (9285, 6878245, 6318506, 'Really enjoyed dining al fresco in the patio. Food was succulent. The crab cake and the guacamole were to die for and my New York Sirloin Steak was perfectly cooked. I topped it off with a \"tres leches\".', 4.6, '2020-05-01', '2020-05-01');
INSERT INTO `restaurants`.`review` (`id`, `customer_id`, `restaurant_id`, `content`, `rating`, `date_created`, `date_modified`) VALUES (9286, 8516023, 6318433, 'Extremly nice restaurant with great service and the athmosphere was great. We were 9 persons with a prebooking and all enjoyed this dinner. Really recommend this restaurant and make sure to book as this seems to be a very popular place to dine at.', 5.0, '2020-05-02', '2020-05-02');
INSERT INTO `restaurants`.`review` (`id`, `customer_id`, `restaurant_id`, `content`, `rating`, `date_created`, `date_modified`) VALUES (9287, 8284823, 6318213, 'Had a tasty steak with a glass of wine. The meat was really good and I warmly recommend this restaurant.', 4.3, '2020-05-03', '2020-05-03');
INSERT INTO `restaurants`.`review` (`id`, `customer_id`, `restaurant_id`, `content`, `rating`, `date_created`, `date_modified`) VALUES (9288, 7089849, 6318506, 'Loved the atmosphere, our waitress was super friendly, and the food was to die for. Their signature cocktails introduced very unique flavor combinations to my palette but I must say I was very pleasantly surprised!', 4.9, '2020-05-04', '2020-05-04');
INSERT INTO `restaurants`.`review` (`id`, `customer_id`, `restaurant_id`, `content`, `rating`, `date_created`, `date_modified`) VALUES (9289, 10170794, 6314605, 'Food was great and so was the service!! Food came really quick and the quality was good! Would come back again', 4.5, '2020-05-05', '2020-05-05');
INSERT INTO `restaurants`.`review` (`id`, `customer_id`, `restaurant_id`, `content`, `rating`, `date_created`, `date_modified`) VALUES (9290, 24517684, 6601158, 'Visiting NYC for the week and wanted to get some Asian food for dinner with friends. We had a vegan buddy with us, and Obao had something for everyone! The pad thai was AMAZING!! Highly recommend.', 4.0, '2020-05-06', '2020-05-06');
# 123 records

SET FOREIGN_KEY_CHECKS=@OLD_FOREIGN_KEY_CHECKS;
SET UNIQUE_CHECKS=@OLD_UNIQUE_CHECKS;